{
    "properties": {
        "lattice_vector_a": [
            6.2187,
            0.0,
            0.0
        ],
        "lattice_vector_b": [
            0.0,
            11.6168,
            0.0
        ],
        "lattice_vector_c": [
            -0.3644145387912089,
            0.0,
            5.7761159790916246
        ]
    },
    "struct_id": "ZZZAVM02.n_atoms_1_to_19",
    "input_ref": null,
    "geometry": [
        [
            4.816434860229492,
            4.252562046051025,
            0.41218364238739014,
            "I",
            NaN,
            NaN,
            false
        ],
        [
            1.2200578451156616,
            10.060961723327637,
            2.475874423980713,
            "I",
            NaN,
            NaN,
            false
        ],
        [
            1.0378506183624268,
            7.364238262176514,
            5.363932132720947,
            "I",
            NaN,
            NaN,
            false
        ],
        [
            4.634227752685547,
            1.5558379888534546,
            3.300241708755493,
            "I",
            NaN,
            NaN,
            false
        ],
        [
            0.5371774435043335,
            4.730360984802246,
            3.609494924545288,
            "F",
            NaN,
            NaN,
            false
        ],
        [
            5.1349005699157715,
            10.538761138916016,
            5.054678916931152,
            "F",
            NaN,
            NaN,
            false
        ],
        [
            5.317108154296875,
            6.886438846588135,
            2.166621208190918,
            "F",
            NaN,
            NaN,
            false
        ],
        [
            0.7193847298622131,
            1.0780390501022339,
            0.7214368581771851,
            "F",
            NaN,
            NaN,
            false
        ],
        [
            1.9857509136199951,
            3.5477707386016846,
            1.713196039199829,
            "F",
            NaN,
            NaN,
            false
        ],
        [
            4.050741672515869,
            9.356170654296875,
            1.174862027168274,
            "F",
            NaN,
            NaN,
            false
        ],
        [
            3.868534564971924,
            8.069028854370117,
            4.062920093536377,
            "F",
            NaN,
            NaN,
            false
        ],
        [
            1.8035436868667603,
            2.260629177093506,
            4.601253986358643,
            "F",
            NaN,
            NaN,
            false
        ],
        [
            2.4740219116210938,
            4.659498691558838,
            2.2931180000305176,
            "C",
            NaN,
            NaN,
            false
        ],
        [
            3.5624706745147705,
            10.46789836883545,
            0.5949399471282959,
            "C",
            NaN,
            NaN,
            false
        ],
        [
            3.380263566970825,
            6.957301616668701,
            3.4829978942871094,
            "C",
            NaN,
            NaN,
            false
        ],
        [
            2.2918148040771484,
            1.1489014625549316,
            5.18117618560791,
            "C",
            NaN,
            NaN,
            false
        ],
        [
            1.7182079553604126,
            5.276350498199463,
            3.262928009033203,
            "C",
            NaN,
            NaN,
            false
        ],
        [
            3.9538702964782715,
            11.084750175476074,
            5.401246070861816,
            "C",
            NaN,
            NaN,
            false
        ],
        [
            4.136077404022217,
            6.340449333190918,
            2.513188123703003,
            "C",
            NaN,
            NaN,
            false
        ],
        [
            1.900415301322937,
            0.5320494174957275,
            0.3748699128627777,
            "C",
            NaN,
            NaN,
            false
        ],
        [
            3.6910362243652344,
            5.171799182891846,
            1.8986092805862427,
            "C",
            NaN,
            NaN,
            false
        ],
        [
            2.34545636177063,
            10.980199813842773,
            0.9894486665725708,
            "C",
            NaN,
            NaN,
            false
        ],
        [
            2.1632492542266846,
            6.445000648498535,
            3.877506732940674,
            "C",
            NaN,
            NaN,
            false
        ],
        [
            3.508829116821289,
            0.6366006135940552,
            4.786667346954346,
            "C",
            NaN,
            NaN,
            false
        ]
    ]
}