{
    "properties": {
        "lattice_vector_a": [
            3.7417,
            0.0,
            0.0
        ],
        "lattice_vector_b": [
            0.0,
            15.738,
            0.0
        ],
        "lattice_vector_c": [
            -1.2755019855068883,
            0.0,
            14.991838135631266
        ]
    },
    "struct_id": "ZZZAAC01.n_atoms_20_to_29",
    "input_ref": null,
    "geometry": [
        [
            0.5681904554367065,
            5.6562371253967285,
            3.882286310195923,
            "Cl",
            NaN,
            NaN,
            false
        ],
        [
            2.5357584953308105,
            13.525237083435059,
            3.6136326789855957,
            "Cl",
            NaN,
            NaN,
            false
        ],
        [
            1.8980076313018799,
            10.08176326751709,
            11.109551429748535,
            "Cl",
            NaN,
            NaN,
            false
        ],
        [
            -0.06956056505441666,
            2.2127628326416016,
            11.378205299377441,
            "Cl",
            NaN,
            NaN,
            false
        ],
        [
            1.6785976886749268,
            1.7305505275726318,
            0.5972748398780823,
            "O",
            NaN,
            NaN,
            false
        ],
        [
            1.4253512620925903,
            9.599550247192383,
            6.89864444732666,
            "O",
            NaN,
            NaN,
            false
        ],
        [
            0.7876002788543701,
            14.00744915008545,
            14.394563674926758,
            "O",
            NaN,
            NaN,
            false
        ],
        [
            1.0408467054367065,
            6.138449668884277,
            8.093194007873535,
            "O",
            NaN,
            NaN,
            false
        ],
        [
            -0.03224058821797371,
            1.181451678276062,
            3.6377694606781006,
            "N",
            NaN,
            NaN,
            false
        ],
        [
            3.1361896991729736,
            9.050451278686523,
            3.858149528503418,
            "N",
            NaN,
            NaN,
            false
        ],
        [
            2.498438596725464,
            14.556548118591309,
            11.354068756103516,
            "N",
            NaN,
            NaN,
            false
        ],
        [
            -0.6699915528297424,
            6.6875481605529785,
            11.133688926696777,
            "N",
            NaN,
            NaN,
            false
        ],
        [
            0.5410381555557251,
            1.8772286176681519,
            2.6784417629241943,
            "C",
            NaN,
            NaN,
            false
        ],
        [
            2.562910795211792,
            9.746228218078613,
            4.817477226257324,
            "C",
            NaN,
            NaN,
            false
        ],
        [
            1.9251598119735718,
            13.860771179199219,
            12.313396453857422,
            "C",
            NaN,
            NaN,
            false
        ],
        [
            -0.09671282768249512,
            5.991771221160889,
            10.174361228942871,
            "C",
            NaN,
            NaN,
            false
        ],
        [
            3.313295602798462,
            1.8622775077819824,
            4.758259296417236,
            "C",
            NaN,
            NaN,
            false
        ],
        [
            -0.2093467116355896,
            9.731277465820312,
            2.737659454345703,
            "C",
            NaN,
            NaN,
            false
        ],
        [
            -0.8470976948738098,
            13.875722885131836,
            10.2335786819458,
            "C",
            NaN,
            NaN,
            false
        ],
        [
            2.6755447387695312,
            6.006722450256348,
            12.254179000854492,
            "C",
            NaN,
            NaN,
            false
        ],
        [
            0.8376255035400391,
            15.559531211853027,
            1.4837422370910645,
            "N",
            NaN,
            NaN,
            false
        ],
        [
            2.2663235664367676,
            7.690531253814697,
            6.012176990509033,
            "N",
            NaN,
            NaN,
            false
        ],
        [
            1.6285725831985474,
            0.17846891283988953,
            13.508095741271973,
            "N",
            NaN,
            NaN,
            false
        ],
        [
            0.19987449049949646,
            8.047469139099121,
            8.979660987854004,
            "N",
            NaN,
            NaN,
            false
        ],
        [
            0.7320946455001831,
            3.2711431980133057,
            2.7153217792510986,
            "C",
            NaN,
            NaN,
            false
        ],
        [
            2.371854305267334,
            11.140143394470215,
            4.78059720993042,
            "C",
            NaN,
            NaN,
            false
        ],
        [
            1.7341033220291138,
            12.466856956481934,
            12.27651596069336,
            "C",
            NaN,
            NaN,
            false
        ],
        [
            0.09434366971254349,
            4.597856521606445,
            10.211240768432617,
            "C",
            NaN,
            NaN,
            false
        ],
        [
            1.1266276836395264,
            3.7299060821533203,
            1.9834201335906982,
            "H",
            NaN,
            NaN,
            false
        ],
        [
            1.9773213863372803,
            11.598905563354492,
            5.51249885559082,
            "H",
            NaN,
            NaN,
            false
        ],
        [
            1.33957040309906,
            12.00809383392334,
            13.008418083190918,
            "H",
            NaN,
            NaN,
            false
        ],
        [
            0.4888766407966614,
            4.13909387588501,
            9.479339599609375,
            "H",
            NaN,
            NaN,
            false
        ],
        [
            -0.25071099400520325,
            3.2662644386291504,
            4.917023181915283,
            "C",
            NaN,
            NaN,
            false
        ],
        [
            3.3546600341796875,
            11.13526439666748,
            2.5788960456848145,
            "C",
            NaN,
            NaN,
            false
        ],
        [
            2.7169089317321777,
            12.471735954284668,
            10.074814796447754,
            "C",
            NaN,
            NaN,
            false
        ],
        [
            -0.8884619474411011,
            4.60273551940918,
            12.412941932678223,
            "C",
            NaN,
            NaN,
            false
        ],
        [
            1.0613493919372559,
            1.1260539293289185,
            1.4796943664550781,
            "C",
            NaN,
            NaN,
            false
        ],
        [
            2.042599678039551,
            8.995054244995117,
            6.0162248611450195,
            "C",
            NaN,
            NaN,
            false
        ],
        [
            1.4048486948013306,
            14.611946105957031,
            13.512144088745117,
            "C",
            NaN,
            NaN,
            false
        ],
        [
            0.42359837889671326,
            6.742946147918701,
            8.975613594055176,
            "C",
            NaN,
            NaN,
            false
        ],
        [
            0.3363858759403229,
            3.9396934509277344,
            3.8260669708251953,
            "C",
            NaN,
            NaN,
