{
    "properties": {
        "lattice_vector_a": [
            8.2289,
            0.0,
            0.0
        ],
        "lattice_vector_b": [
            0.0,
            5.9989,
            0.0
        ],
        "lattice_vector_c": [
            -1.94744786993092,
            0.0,
            11.677425421894224
        ]
    },
    "struct_id": "BEANTR",
    "input_ref": null,
    "geometry": [
        [
            0.40382683277130127,
            5.728469371795654,
            4.4110307693481445,
            "C",
            NaN,
            NaN,
            false
        ],
        [
            5.877625465393066,
            2.7290196418762207,
            7.26639461517334,
            "C",
            NaN,
            NaN,
            false
        ],
        [
            0.6419022679328918,
            0.0,
            5.760473728179932,
            "C",
            NaN,
            NaN,
            false
        ],
        [
            5.639549732208252,
            2.9994499683380127,
            5.916951656341553,
            "C",
            NaN,
            NaN,
            false
        ],
        [
            0.16842158138751984,
            5.0940260887146,
            6.766016960144043,
            "C",
            NaN,
            NaN,
            false
        ],
        [
            6.113030433654785,
            2.094575881958008,
            4.911408424377441,
            "C",
            NaN,
            NaN,
            false
        ],
        [
            1.4839458465576172,
            1.49384605884552,
            7.576897621154785,
            "C",
            NaN,
            NaN,
            false
        ],
        [
            4.797506332397461,
            4.493296146392822,
            4.100527763366699,
            "C",
            NaN,
            NaN,
            false
        ],
        [
            1.290848970413208,
            1.2294745445251465,
            6.151667594909668,
            "C",
            NaN,
            NaN,
            false
        ],
        [
            4.990602970123291,
            4.228924751281738,
            5.525757789611816,
            "C",
            NaN,
            NaN,
            false
        ],
        [
            1.655550479888916,
            2.1309893131256104,
            5.149044036865234,
            "C",
            NaN,
            NaN,
            false
        ],
        [
            4.625901699066162,
            5.130439281463623,
            6.52838134765625,
            "C",
            NaN,
            NaN,
            false
        ],
        [
            0.2821655869483948,
            5.385212421417236,
            8.087784767150879,
            "C",
            NaN,
            NaN,
            false
        ],
        [
            5.999286651611328,
            2.3857624530792236,
            3.5896406173706055,
            "C",
            NaN,
            NaN,
            false
        ],
        [
            0.9434148073196411,
            0.578593909740448,
            8.531526565551758,
            "C",
            NaN,
            NaN,
            false
        ],
        [
            5.338037490844727,
            3.5780439376831055,
            3.1458983421325684,
            "C",
            NaN,
            NaN,
            false
        ],
        [
            1.0831934213638306,
            0.8410457968711853,
            9.911331176757812,
            "C",
            NaN,
            NaN,
            false
        ],
        [
            5.198258876800537,
            3.8404958248138428,
            1.7660938501358032,
            "C",
            NaN,
            NaN,
            false
        ],
        [
            1.7458288669586182,
            1.972738265991211,
            10.358109474182129,
            "C",
            NaN,
            NaN,
            false
        ],
        [
            4.535623073577881,
            4.972188472747803,
            1.3193155527114868,
            "C",
            NaN,
            NaN,
            false
        ],
        [
            2.2919886112213135,
            2.8675942420959473,
            9.42449951171875,
            "C",
            NaN,
            NaN,
            false
        ],
        [
            3.9894635677337646,
            5.867043972015381,
            2.2529256343841553,
            "C",
            NaN,
            NaN,
            false
        ],
        [
            2.1671650409698486,
            2.6267383098602295,
            8.062094688415527,
            "C",
            NaN,
            NaN,
            false
        ],
        [
            4.11428689956665,
            5.626188278198242,
            3.615330934524536,
            "C",
            NaN,
            NaN,
            false
        ],
        [
            1.3846920728683472,
            1.882274866104126,
            3.7874562740325928,
            "C",
            NaN,
            NaN,
            false
        ],
        [
            4.896759986877441,
            4.881724834442139,
            7.889969348907471,
            "C",
            NaN,
            NaN,
            false
        ],
        [
            1.712929129600525,
            2.8241021633148193,
            2.7705860137939453,
            "C",
            NaN,
            NaN,
            false
        ],
        [
            4.568522930145264,
            5.823552131652832,
            8.906839370727539,
            "C",
            NaN,
            NaN,
            false
        ],
        [
            1.4033724069595337,
            2.572028398513794,
            1.4525549411773682,
            "C",
            NaN,
            NaN,
            false
        ],
        [
            4.878079891204834,
            5.571478366851807,
            10.224870681762695,
            "C",
            NaN,
            NaN,
            false
        ],
        [
            0.7618904709815979,
            1.3591108322143555,
            1.0807456970214844,
            "C",
            NaN,
            NaN,
            false
        ],
        [
            5.519561767578125,
            4.358560562133789,
            10.5966796875,
            "C",
            NaN,
            NaN,
            false
        ],
        [
            0.4481887221336365,
            0.41692355275154114,
            2.033156633377075,
            "C",
            NaN,
            NaN,
            false
        ],
        [
            5.833263397216797,
            3.4163734912872314,
            9.644268989562988,
            "C",
            NaN,
            NaN,
            false
        ],
        [
            0.7449371218681335,
            0.6483011245727539,
            3.4067721366882324,
            "C",
            NaN,
            NaN,
            false
        ],
        [
            5.536515235900879,
            3.6477510929107666,
            8.27065372467041,
            "C",
            NaN,
            NaN,
            false
        ],
        [
            2.601076364517212,
            3.3410873413085938,
            7.366353511810303,
            "H",
            NaN,
            NaN,
            false
        ],
        [
            3.680375814437866,
            0.34163734316825867,
            4.311071872711182,
            "H",
            NaN,
            NaN,
            false
        ],
        [
            -0.10600343346595764,
            4.801219463348389,
            4.140931606292725,
            "H",
            NaN,
            NaN,
            false
        ],
        [
            6.387455463409424,
            1.8017696142196655,
            7.53649377822876,
            "H",
            NaN,
            NaN,
            false
        ],
        [
            -0.3106394410133362,
            4.17217493057251,
            6.44266939163208,
            "H",
            NaN,
            NaN,
            false
        ],
        [
            6.5920915603637695,
