{
    "properties": {
        "lattice_vector_a": [
            7.3663,
            0.0,
            0.0
        ],
        "lattice_vector_b": [
            0.0,
            9.2069,
            0.0
        ],
        "lattice_vector_c": [
            0.0,
            0.0,
            6.8452
        ]
    },
    "struct_id": "BENZEN",
    "input_ref": null,
    "geometry": [
        [
            6.94480037689209,
            1.3324226140975952,
            6.77756929397583,
            "C",
            NaN,
            NaN,
            false
        ],
        [
            4.104649543762207,
            7.874477386474609,
            3.3549695014953613,
            "C",
            NaN,
            NaN,
            false
        ],
        [
            0.42149969935417175,
            5.935872554779053,
            3.4902305603027344,
            "C",
            NaN,
            NaN,
            false
        ],
        [
            3.261650323867798,
            3.2710273265838623,
            0.0676305741071701,
            "C",
            NaN,
            NaN,
            false
        ],
        [
            0.42149969935417175,
            7.874477386474609,
            0.0676305741071701,
            "C",
            NaN,
            NaN,
            false
        ],
        [
            3.261650323867798,
            1.3324226140975952,
            3.4902305603027344,
            "C",
            NaN,
            NaN,
            false
        ],
        [
            6.94480037689209,
            3.2710273265838623,
            3.3549695014953613,
            "C",
            NaN,
            NaN,
            false
        ],
        [
            4.104649543762207,
            5.935872554779053,
            6.77756929397583,
            "C",
            NaN,
            NaN,
            false
        ],
        [
            6.353065490722656,
            0.4582274258136749,
            0.8496262431144714,
            "C",
            NaN,
            NaN,
            false
        ],
        [
            4.696384429931641,
            8.748672485351562,
            4.272226333618164,
            "C",
            NaN,
            NaN,
            false
        ],
        [
            1.0132346153259277,
            5.0616774559021,
            2.5729737281799316,
            "C",
            NaN,
            NaN,
            false
        ],
        [
            2.6699154376983643,
            4.1452226638793945,
            5.995573997497559,
            "C",
            NaN,
            NaN,
            false
        ],
        [
            1.0132346153259277,
            8.748672485351562,
            5.995573997497559,
            "C",
            NaN,
            NaN,
            false
        ],
        [
            2.6699154376983643,
            0.4582274258136749,
            2.5729737281799316,
            "C",
            NaN,
            NaN,
            false
        ],
        [
            6.353065490722656,
            4.1452226638793945,
            4.272226333618164,
            "C",
            NaN,
            NaN,
            false
        ],
        [
            4.696384429931641,
            5.0616774559021,
            0.8496262431144714,
            "C",
            NaN,
            NaN,
            false
        ],
        [
            0.5876834392547607,
            0.8718013763427734,
            5.9268479347229,
            "C",
            NaN,
            NaN,
            false
        ],
        [
            3.0954666137695312,
            8.335098266601562,
            2.5042479038238525,
            "C",
            NaN,
            NaN,
            false
        ],
        [
            6.778616428375244,
            5.475251197814941,
            4.340951919555664,
            "C",
            NaN,
            NaN,
            false
        ],
        [
            4.270833492279053,
            3.7316486835479736,
            0.9183520078659058,
            "C",
            NaN,
            NaN,
            false
        ],
        [
            6.778616428375244,
            8.335098266601562,
            0.9183520078659058,
            "C",
            NaN,
            NaN,
            false
        ],
        [
            4.270833492279053,
            0.8718013763427734,
            4.340951919555664,
            "C",
            NaN,
            NaN,
            false
        ],
        [
            0.5876834392547607,
            3.7316486835479736,
            2.5042479038238525,
            "C",
            NaN,
            NaN,
            false
        ],
        [
            3.0954666137695312,
            5.475251197814941,
            5.9268479347229,
            "C",
            NaN,
            NaN,
            false
        ],
        [
            6.622450828552246,
            2.3726181983947754,
            6.725409030914307,
            "H",
            NaN,
            NaN,
            false
        ],
        [
            4.426999092102051,
            6.834281921386719,
            3.302809000015259,
            "H",
            NaN,
            NaN,
            false
        ],
        [
            0.743848979473114,
            6.976068019866943,
            3.542391061782837,
            "H",
            NaN,
            NaN,
            false
        ],
        [
            2.939301013946533,
            2.2308318614959717,
            0.11979100108146667,
            "H",
            NaN,
            NaN,
            false
        ],
        [
            0.743848979473114,
            6.834281921386719,
            0.11979100108146667,
            "H",
            NaN,
            NaN,
            false
        ],
        [
            2.939301013946533,
            2.3726181983947754,
            3.542391061782837,
            "H",
            NaN,
            NaN,
            false
        ],
        [
            6.622450828552246,
            2.2308318614959717,
            3.302809000015259,
            "H",
            NaN,
            NaN,
            false
        ],
        [
            4.426999092102051,
            6.976068019866943,
            6.725409030914307,
            "H",
            NaN,
            NaN,
            false
        ],
        [
            5.557210445404053,
            0.803486168384552,
            1.5090928077697754,
            "H",
            NaN,
            NaN,
            false
        ],
        [
            5.492239475250244,
            8.403413772583008,
            4.931692600250244,
            "H",
            NaN,
            NaN,
            false
        ],
        [
            1.8090896606445312,
            5.406936168670654,
            1.9135072231292725,
            "H",
            NaN,
            NaN,
            false
        ],
        [
            1.8740603923797607,
            3.79996395111084,
            5.33610725402832,
            "H",
            NaN,
            NaN,
            false
        ],
        [
            1.8090896606445312,
            8.403413772583008,
            5.33610725402832,
            "H",
            NaN,
            NaN,
            false
        ],
        [
            1.8740603923797607,
            0.803486168384552,
            1.9135072231292725,
            "H",
            NaN,
            NaN,
            false
        ],
        [
            5.557210445404053,
            3.79996395111084,
            4.931692600250244,
            "H",
            NaN,
            NaN,
            false
        ],
        [
            5.492239475250244,
            5.406936168670654,
            1.5090928077697754,
            "H",
            NaN,
            NaN,
            false
        ],
        [
            1.0415211915969849,
            1.5451020002365112,
            5.20194149017334,
            "H",
            NaN,
            NaN,
            false
        ],
        [
            2.6416287422180176,
            7.661798000335693,
