{
    "properties": {
        "lattice_vector_a": [
            8.5217,
            0.0,
            0.0
        ],
        "lattice_vector_b": [
            0.0,
            4.2241,
            0.0
        ],
        "lattice_vector_c": [
            -4.266071024525284,
            0.0,
            14.30304717546949
        ]
    },
    "struct_id": "FANNUL",
    "input_ref": null,
    "geometry": [
        [
            6.353378772735596,
            1.9073500633239746,
            0.04791520908474922,
            "C",
            NaN,
            NaN,
            false
        ],
        [
            0.035285934805870056,
            4.019400119781494,
            7.10360860824585,
            "C",
            NaN,
            NaN,
            false
        ],
        [
            -2.0977494716644287,
            2.3167498111724854,
            14.255131721496582,
            "C",
            NaN,
            NaN,
            false
        ],
        [
            4.220343112945557,
            0.20469988882541656,
            7.199438571929932,
            "C",
            NaN,
            NaN,
            false
        ],
        [
            7.105251312255859,
            2.108417272567749,
            1.2061759233474731,
            "C",
            NaN,
            NaN,
            false
        ],
        [
            -0.7165869474411011,
            4.2204670906066895,
            5.945347785949707,
            "C",
            NaN,
            NaN,
            false
        ],
        [
            -2.8496224880218506,
            2.11568284034729,
            13.096871376037598,
            "C",
            NaN,
            NaN,
            false
        ],
        [
            4.9722161293029785,
            0.003632725914940238,
            8.357699394226074,
            "C",
            NaN,
            NaN,
            false
        ],
        [
            6.702120780944824,
            2.917163372039795,
            2.28891658782959,
            "C",
            NaN,
            NaN,
            false
        ],
        [
            -0.3134561777114868,
            0.8051134347915649,
            4.862607002258301,
            "C",
            NaN,
            NaN,
            false
        ],
        [
            -2.4464917182922363,
            1.306936502456665,
            12.014130592346191,
            "C",
            NaN,
            NaN,
            false
        ],
        [
            4.569085121154785,
            3.4189865589141846,
            9.44044017791748,
            "C",
            NaN,
            NaN,
            false
        ],
        [
            5.414220333099365,
            3.417127847671509,
            2.565823554992676,
            "C",
            NaN,
            NaN,
            false
        ],
        [
            0.9744442105293274,
            1.3050779104232788,
            4.585700035095215,
            "C",
            NaN,
            NaN,
            false
        ],
        [
            -1.1585912704467773,
            0.806972086429596,
            11.737223625183105,
            "C",
            NaN,
            NaN,
            false
        ],
        [
            3.281184673309326,
            2.9190220832824707,
            9.717347145080566,
            "C",
            NaN,
            NaN,
            false
        ],
        [
            4.243990421295166,
            2.967007875442505,
            1.9482181072235107,
            "C",
            NaN,
            NaN,
            false
        ],
        [
            2.144674301147461,
            0.8549578189849854,
            5.203305721282959,
            "C",
            NaN,
            NaN,
            false
        ],
        [
            0.011638753116130829,
            1.2570921182632446,
            12.354828834533691,
            "C",
            NaN,
            NaN,
            false
        ],
        [
            2.110954761505127,
            3.3691420555114746,
            9.09974193572998,
            "C",
            NaN,
            NaN,
            false
        ],
        [
            2.9958770275115967,
            3.5948779582977295,
            1.8997306823730469,
            "C",
            NaN,
            NaN,
            false
        ],
        [
            3.392787456512451,
            1.4828280210494995,
            5.251792907714844,
            "C",
            NaN,
            NaN,
            false
        ],
        [
            1.259751796722412,
            0.6292219161987305,
            12.403316497802734,
            "C",
            NaN,
            NaN,
            false
        ],
        [
            0.8628416061401367,
            2.74127197265625,
            9.051254272460938,
            "C",
            NaN,
            NaN,
            false
        ],
        [
            2.258746385574341,
            0.9491130113601685,
            13.349320411682129,
            "C",
            NaN,
            NaN,
            false
        ],
        [
            -0.13615281879901886,
            3.0611629486083984,
            8.105250358581543,
            "C",
            NaN,
            NaN,
            false
        ],
        [
            1.996882677078247,
            3.274986982345581,
            0.9537271857261658,
            "C",
            NaN,
            NaN,
            false
        ],
        [
            4.391781806945801,
            1.1629369258880615,
            6.19779634475708,
            "C",
            NaN,
            NaN,
            false
        ],
        [
            1.2222646474838257,
            2.557945966720581,
            14.248123168945312,
            "H",
            NaN,
            NaN,
            false
        ],
        [
            0.9003287553787231,
            0.4458959996700287,
            7.206447124481201,
            "H",
            NaN,
            NaN,
            false
        ],
        [
            3.0333642959594727,
            1.6661540269851685,
            0.05492370203137398,
            "H",
            NaN,
            NaN,
            false
        ],
        [
            3.355300188064575,
            3.7782039642333984,
            7.09660005569458,
            "H",
            NaN,
            NaN,
            false
        ],
        [
            8.0831298828125,
            1.6253491640090942,
            1.2875603437423706,
            "H",
            NaN,
            NaN,
            false
        ],
        [
            -1.694464921951294,
            3.737399101257324,
            5.8639631271362305,
            "H",
            NaN,
            NaN,
            false
        ],
        [
            -3.827500343322754,
            2.5987508296966553,
            13.015486717224121,
            "H",
            NaN,
            NaN,
            false
        ],
        [
            5.950093746185303,
            0.48670080304145813,
            8.43908405303955,
            "H",
            NaN,
            NaN,
            false
        ],
        [
            7.4896111488342285,
            3.2082040309906006,
            2.988335609436035,
            "H",
            NaN,
            NaN,
            false
        ],
        [
            -1.1009467840194702,
            1.096153974533081,
            4.1631879806518555,
            "H",
            NaN,
            NaN,
            false
        ],
        [
            -3.2339823246002197,
            1.0158960819244385,
            11.314711570739746,
            "H",
            NaN,
            NaN,
            false
        ],
        [
            5.356575965881348,
            3.127946138381958,
            10.139859199523926,
            "H",
            NaN,
            NaN,
            false
        ],
        [
            5.336872577667236,
            4.223593235015869,
            3.30314564704895,
            "H",
            NaN,
            NaN,
            false
        ],
        [
