{
    "properties": {
        "lattice_vector_a": [
            10.2718,
            0.0,
            0.0
        ],
        "lattice_vector_b": [
            0.0,
            9.0384,
            0.0
        ],
        "lattice_vector_c": [
            0.0,
            0.0,
            9.2415
        ]
    },
    "struct_id": "KEGHEJ01",
    "input_ref": null,
    "geometry": [
        [
            0.6864643692970276,
            2.2343828678131104,
            2.852573871612549,
            "C",
            NaN,
            NaN,
            false
        ],
        [
            9.585335731506348,
            2.2848172187805176,
            7.473323822021484,
            "C",
            NaN,
            NaN,
            false
        ],
        [
            9.585335731506348,
            6.753582954406738,
            1.7681761980056763,
            "C",
            NaN,
            NaN,
            false
        ],
        [
            0.6864643692970276,
            6.804017066955566,
            6.388926029205322,
            "C",
            NaN,
            NaN,
            false
        ],
        [
            9.585335731506348,
            6.804017066955566,
            6.388926029205322,
            "C",
            NaN,
            NaN,
            false
        ],
        [
            0.6864643692970276,
            6.753582954406738,
            1.7681761980056763,
            "C",
            NaN,
            NaN,
            false
        ],
        [
            0.6864643692970276,
            2.2848172187805176,
            7.473323822021484,
            "C",
            NaN,
            NaN,
            false
        ],
        [
            9.585335731506348,
            2.2343828678131104,
            2.852573871612549,
            "C",
            NaN,
            NaN,
            false
        ],
        [
            5.822364330291748,
            6.753582954406738,
            2.852573871612549,
            "C",
            NaN,
            NaN,
            false
        ],
        [
            4.449435710906982,
            6.804017066955566,
            7.473323822021484,
            "C",
            NaN,
            NaN,
            false
        ],
        [
            4.449435710906982,
            2.2343828678131104,
            1.7681761980056763,
            "C",
            NaN,
            NaN,
            false
        ],
        [
            5.822364330291748,
            2.2848172187805176,
            6.388926029205322,
            "C",
            NaN,
            NaN,
            false
        ],
        [
            4.449435710906982,
            2.2848172187805176,
            6.388926029205322,
            "C",
            NaN,
            NaN,
            false
        ],
        [
            5.822364330291748,
            2.2343828678131104,
            1.7681761980056763,
            "C",
            NaN,
            NaN,
            false
        ],
        [
            5.822364330291748,
            6.804017066955566,
            7.473323822021484,
            "C",
            NaN,
            NaN,
            false
        ],
        [
            4.449435710906982,
            6.753582954406738,
            2.852573871612549,
            "C",
            NaN,
            NaN,
            false
        ],
        [
            1.1809488534927368,
            1.1288961172103882,
            3.720165729522705,
            "C",
            NaN,
            NaN,
            false
        ],
        [
            9.090850830078125,
            3.39030385017395,
            8.34091567993164,
            "C",
            NaN,
            NaN,
            false
        ],
        [
            9.090850830078125,
            5.648096084594727,
            0.9005841612815857,
            "C",
            NaN,
            NaN,
            false
        ],
        [
            1.1809488534927368,
            7.909503936767578,
            5.521334171295166,
            "C",
            NaN,
            NaN,
            false
        ],
        [
            9.090850830078125,
            7.909503936767578,
            5.521334171295166,
            "C",
            NaN,
            NaN,
            false
        ],
        [
            1.1809488534927368,
            5.648096084594727,
            0.9005841612815857,
            "C",
            NaN,
            NaN,
            false
        ],
        [
            1.1809488534927368,
            3.39030385017395,
            8.34091567993164,
            "C",
            NaN,
            NaN,
            false
        ],
        [
            9.090850830078125,
            1.1288961172103882,
            3.720165729522705,
            "C",
            NaN,
            NaN,
            false
        ],
        [
            6.3168487548828125,
            5.648096084594727,
            3.720165729522705,
            "C",
            NaN,
            NaN,
            false
        ],
        [
            3.954951047897339,
            7.909503936767578,
            8.34091567993164,
            "C",
            NaN,
            NaN,
            false
        ],
        [
            3.954951047897339,
            1.1288961172103882,
            0.9005841612815857,
            "C",
            NaN,
            NaN,
            false
        ],
        [
            6.3168487548828125,
            3.39030385017395,
            5.521334171295166,
            "C",
            NaN,
            NaN,
            false
        ],
        [
            3.954951047897339,
            3.39030385017395,
            5.521334171295166,
            "C",
            NaN,
            NaN,
            false
        ],
        [
            6.3168487548828125,
            1.1288961172103882,
            0.9005841612815857,
            "C",
            NaN,
            NaN,
            false
        ],
        [
            6.3168487548828125,
            7.909503936767578,
            8.34091567993164,
            "C",
            NaN,
            NaN,
            false
        ],
        [
            3.954951047897339,
            5.648096084594727,
            3.720165729522705,
            "C",
            NaN,
            NaN,
            false
        ],
        [
            2.374326467514038,
            0.5623692274093628,
            4.165421485900879,
            "C",
            NaN,
            NaN,
            false
        ],
        [
            7.897473335266113,
            3.9568307399749756,
            8.786170959472656,
            "C",
            NaN,
            NaN,
            false
        ],
        [
            7.897473335266113,
            5.081569194793701,
            0.45532870292663574,
            "C",
            NaN,
            NaN,
            false
        ],
        [
            2.374326467514038,
            8.476030349731445,
            5.07607889175415,
            "C",
            NaN,
            NaN,
            false
        ],
        [
            7.897473335266113,
            8.476030349731445,
            5.07607889175415,
            "C",
            NaN,
            NaN,
            false
        ],
        [
            2.374326467514038,
            5.081569194793701,
            0.45532870292663574,
            "C",
            NaN,
            NaN,
            false
        ],
        [
            2.374326467514038,
            3.9568307399749756,
            8.786170959472656,
            "C",
            NaN,
            NaN,
            false
        ],
        [
            7.897473335266113,
            0.5623692274093628,
            4.165421485900879,
            "C",
            NaN,
            NaN,
            false
        ],
        [
            7.510226726531982,
            5.081569194793701,
            4.165421485900879,
            "C",
            NaN,
            NaN,
            false
        ],
        [
            2.761573314666748,
            8.476030349731445,
