{
    "properties": {
        "lattice_vector_a": [
            6.239,
            0.0,
            0.0
        ],
        "lattice_vector_b": [
            0.7431534378280035,
            7.599751243813472,
            0.0
        ],
        "lattice_vector_c": [
            0.4661147587190175,
            3.198730943715201,
            13.960650320863392
        ]
    },
    "struct_id": "PENCEN04",
    "input_ref": null,
    "geometry": [
        [
            4.683089733123779,
            3.0960161685943604,
            0.22169512510299683,
            "C",
            NaN,
            NaN,
            false
        ],
        [
            2.7651784420013428,
            7.702466011047363,
            13.7389554977417,
            "C",
            NaN,
            NaN,
            false
        ],
        [
            3.7027127742767334,
            3.0965089797973633,
            1.2189043760299683,
            "C",
            NaN,
            NaN,
            false
        ],
        [
            3.7455556392669678,
            7.7019734382629395,
            12.741745948791504,
            "C",
            NaN,
            NaN,
            false
        ],
        [
            3.8719255924224854,
            2.424564838409424,
            2.4422762393951416,
            "C",
            NaN,
            NaN,
            false
        ],
        [
            3.5763425827026367,
            8.373917579650879,
            11.5183744430542,
            "C",
            NaN,
            NaN,
            false
        ],
        [
            2.90201997756958,
            2.438194751739502,
            3.423849582672119,
            "C",
            NaN,
            NaN,
            false
        ],
        [
            4.546248435974121,
            8.3602876663208,
            10.536800384521484,
            "C",
            NaN,
            NaN,
            false
        ],
        [
            3.07438063621521,
            1.776007890701294,
            4.676538467407227,
            "C",
            NaN,
            NaN,
            false
        ],
        [
            4.373887538909912,
            9.02247428894043,
            9.284111976623535,
            "C",
            NaN,
            NaN,
            false
        ],
        [
            2.1127982139587402,
            1.8214715719223022,
            5.621255874633789,
            "C",
            NaN,
            NaN,
            false
        ],
        [
            5.335469722747803,
            8.977010726928711,
            8.339394569396973,
            "C",
            NaN,
            NaN,
            false
        ],
        [
            0.8993276953697205,
            2.5359628200531006,
            5.396210193634033,
            "C",
            NaN,
            NaN,
            false
        ],
        [
            6.548940658569336,
            8.262518882751465,
            8.56443977355957,
            "C",
            NaN,
            NaN,
            false
        ],
        [
            0.6878044605255127,
            3.1770710945129395,
            4.230635643005371,
            "C",
            NaN,
            NaN,
            false
        ],
        [
            6.760463714599609,
            7.621410846710205,
            9.73001480102539,
            "C",
            NaN,
            NaN,
            false
        ],
        [
            1.676450252532959,
            3.163317918777466,
            3.19545316696167,
            "C",
            NaN,
            NaN,
            false
        ],
        [
            5.771817684173584,
            7.635164260864258,
            10.765196800231934,
            "C",
            NaN,
            NaN,
            false
        ],
        [
            1.4871701002120972,
            3.82502818107605,
            1.9970710277557373,
            "C",
            NaN,
            NaN,
            false
        ],
        [
            5.9610981941223145,
            6.973453998565674,
            11.963579177856445,
            "C",
            NaN,
            NaN,
            false
        ],
        [
            4.976541042327881,
            6.974233627319336,
            12.97530746459961,
            "C",
            NaN,
            NaN,
            false
        ],
        [
            2.471727132797241,
            3.8242485523223877,
            0.9853426814079285,
            "C",
            NaN,
            NaN,
            false
        ],
        [
            6.2584452629089355,
            10.334057807922363,
            13.37653636932373,
            "C",
            NaN,
            NaN,
            false
        ],
        [
            1.189823031425476,
            0.4644240736961365,
            0.584113597869873,
            "C",
            NaN,
            NaN,
            false
        ],
        [
            5.963980674743652,
            7.0255913734436035,
            0.7977115511894226,
            "C",
            NaN,
            NaN,
            false
        ],
        [
            1.4842875003814697,
            3.772890567779541,
            13.162939071655273,
            "C",
            NaN,
            NaN,
            false
        ],
        [
            4.977693557739258,
            6.460452079772949,
            1.6347922086715698,
            "C",
            NaN,
            NaN,
            false
        ],
        [
            2.4705746173858643,
            4.338029861450195,
            12.325858116149902,
            "C",
            NaN,
            NaN,
            false
        ],
        [
            5.154878616333008,
            6.351413726806641,
            3.00307559967041,
            "C",
            NaN,
            NaN,
            false
        ],
        [
            2.2933897972106934,
            4.447068691253662,
            10.957574844360352,
            "C",
            NaN,
            NaN,
            false
        ],
        [
            4.1578497886657715,
            5.771034240722656,
            3.849928617477417,
            "C",
            NaN,
            NaN,
            false
        ],
        [
            3.2904183864593506,
            5.0274481773376465,
            10.110721588134766,
            "C",
            NaN,
            NaN,
            false
        ],
        [
            4.356964111328125,
            5.667382717132568,
            5.178703308105469,
            "C",
            NaN,
            NaN,
            false
        ],
        [
            3.091304063796997,
            5.131099700927734,
            8.781947135925293,
            "C",
            NaN,
            NaN,
            false
        ],
        [
            5.558691024780273,
            6.143461227416992,
            5.777196407318115,
            "C",
            NaN,
            NaN,
            false
        ],
        [
            1.8895771503448486,
            4.6550211906433105,
            8.183453559875488,
            "C",
            NaN,
            NaN,
            false
        ],
        [
            6.5381855964660645,
            6.694802761077881,
            5.012571334838867,
            "C",
            NaN,
            NaN,
            false
        ],
        [
            0.9100825190544128,
            4.103679180145264,
            8.948079109191895,
            "C",
            NaN,
            NaN,
            false
        ],
        [
            6.37418270111084,
            6.822452545166016,
            3.5994744300842285,
            "C",
            NaN,
            NaN,
            false
        ],
        [
            1.0740855932235718,
            3.976029634475708,
            10.361175537109375,
            "C",
            NaN,
            NaN,
            false
        ],
        [
            1.114689588546753,
            7.384909152984619,
            2.7938053607940674,
            "C",
            NaN,
            NaN,
            false
        ],
        [
