{
    "properties": {
        "lattice_vector_a": [
            10.8353,
            0.0,
            0.0
        ],
        "lattice_vector_b": [
            0.0,
            5.0787,
            0.0
        ],
        "lattice_vector_c": [
            -11.592220110048398,
            0.0,
            15.611555974988192
        ]
    },
    "struct_id": "PHNAPH",
    "input_ref": null,
    "geometry": [
        [
            -6.765894889831543,
            0.8342272639274597,
            13.572062492370605,
            "C",
            NaN,
            NaN,
            false
        ],
        [
            0.21286451816558838,
            3.373577356338501,
            9.845272064208984,
            "C",
            NaN,
            NaN,
            false
        ],
        [
            6.008974552154541,
            4.244472503662109,
            2.0394935607910156,
            "C",
            NaN,
            NaN,
            false
        ],
        [
            -0.9697846174240112,
            1.705122709274292,
            5.766284465789795,
            "C",
            NaN,
            NaN,
            false
        ],
        [
            -7.4257988929748535,
            1.8689615726470947,
            12.909039497375488,
            "C",
            NaN,
            NaN,
            false
        ],
        [
            0.8727687001228333,
            4.408311367034912,
            10.508294105529785,
            "C",
            NaN,
            NaN,
            false
        ],
        [
            6.668878555297852,
            3.2097384929656982,
            2.702516555786133,
            "C",
            NaN,
            NaN,
            false
        ],
        [
            -1.6296888589859009,
            0.670388400554657,
            5.103261470794678,
            "C",
            NaN,
            NaN,
            false
        ],
        [
            -8.812887191772461,
            2.0298547744750977,
            13.044391632080078,
            "C",
            NaN,
            NaN,
            false
        ],
        [
            2.259856700897217,
            4.569204807281494,
            10.372941970825195,
            "C",
            NaN,
            NaN,
            false
        ],
        [
            8.0559663772583,
            3.0488452911376953,
            2.567164182662964,
            "C",
            NaN,
            NaN,
            false
        ],
        [
            -3.0167768001556396,
            0.509495198726654,
            5.238613605499268,
            "C",
            NaN,
            NaN,
            false
        ],
        [
            -9.529149055480957,
            1.1688120365142822,
            13.872272491455078,
            "C",
            NaN,
            NaN,
            false
        ],
        [
            2.976119041442871,
            3.7081620693206787,
            9.545061111450195,
            "C",
            NaN,
            NaN,
            false
        ],
        [
            8.772229194641113,
            3.9098880290985107,
            1.7392834424972534,
            "C",
            NaN,
            NaN,
            false
        ],
        [
            -3.733039140701294,
            1.3705379962921143,
            6.066494464874268,
            "C",
            NaN,
            NaN,
            false
        ],
        [
            -8.840566635131836,
            0.1123916283249855,
            14.580724716186523,
            "C",
            NaN,
            NaN,
            false
        ],
        [
            2.287536859512329,
            2.6517417430877686,
            8.83660888671875,
            "C",
            NaN,
            NaN,
            false
        ],
        [
            8.083646774291992,
            4.96630859375,
            1.0308310985565186,
            "C",
            NaN,
            NaN,
            false
        ],
        [
            -3.044456958770752,
            2.4269583225250244,
            6.774947166442871,
            "C",
            NaN,
            NaN,
            false
        ],
        [
            -7.469587802886963,
            5.025373458862305,
            14.399943351745605,
            "C",
            NaN,
            NaN,
            false
        ],
        [
            0.9165577292442322,
            2.4860236644744873,
            9.017391204833984,
            "C",
            NaN,
            NaN,
            false
        ],
        [
            6.712667942047119,
            0.05332634970545769,
            1.2116128206253052,
            "C",
            NaN,
            NaN,
            false
        ],
        [
            -1.6734778881072998,
            2.5926764011383057,
            6.594165325164795,
            "C",
            NaN,
            NaN,
            false
        ],
        [
            -9.811528205871582,
            4.527305603027344,
            15.472613334655762,
            "C",
            NaN,
            NaN,
            false
        ],
        [
            3.258497953414917,
            1.9879555702209473,
            7.94472074508667,
            "C",
            NaN,
            NaN,
            false
        ],
        [
            9.054608345031738,
            0.5513944625854492,
            0.13894285261631012,
            "C",
            NaN,
            NaN,
            false
        ],
        [
            -4.01541805267334,
            3.0907444953918457,
            7.666835308074951,
            "C",
            NaN,
            NaN,
            false
        ],
        [
            -11.012910842895508,
            0.14189888536930084,
            15.264042854309082,
            "C",
            NaN,
            NaN,
            false
        ],
        [
            4.459880352020264,
            2.681248903274536,
            8.153290748596191,
            "C",
            NaN,
            NaN,
            false
        ],
        [
            10.255990982055664,
            4.936800956726074,
            0.34751322865486145,
            "C",
            NaN,
            NaN,
            false
        ],
        [
            -5.216800689697266,
            2.397451162338257,
            7.4582648277282715,
            "C",
            NaN,
            NaN,
            false
        ],
        [
            -0.10603290051221848,
            1.1596195697784424,
            14.301746368408203,
            "C",
            NaN,
            NaN,
            false
        ],
        [
            -6.446997165679932,
            3.698969602584839,
            9.11558723449707,
            "C",
            NaN,
            NaN,
            false
        ],
        [
            -0.6508871912956238,
            3.9190804958343506,
            1.3098095655441284,
            "C",
            NaN,
            NaN,
            false
        ],
        [
            5.690077304840088,
            1.379730463027954,
            6.495968341827393,
            "C",
            NaN,
            NaN,
            false
        ],
        [
            -1.2916498184204102,
            1.883943796157837,
            14.029480934143066,
            "C",
            NaN,
            NaN,
            false
        ],
        [
            -5.261380195617676,
            4.423293590545654,
            9.387852668762207,
            "C",
            NaN,
            NaN,
            false
        ],
        [
            0.5347297191619873,
            3.194756269454956,
            1.5820751190185547,
            "C",
            NaN,
            NaN,
            false
        ],
        [
            4.504460334777832,
            0.6554062366485596,
            6.223702907562256,
            "C",
            NaN,
            NaN,
            false
        ],
        [
            -1.3371856212615967,
            2.919693946838379,
            13.053446769714355,
            "C",
            NaN,
            NaN,
            false
        ],
        [
