{
    "properties": {
        "lattice_vector_a": [
            12.2329,
            0.0,
            0.0
        ],
        "lattice_vector_b": [
            0.0,
            5.0321,
            0.0
        ],
        "lattice_vector_c": [
            -0.8115002493893283,
            0.0,
            7.1048060033502
        ]
    },
    "struct_id": "PYRCEN",
    "input_ref": null,
    "geometry": [
        [
            0.7382979393005371,
            1.0186480283737183,
            6.895853519439697,
            "C",
            NaN,
            NaN,
            false
        ],
        [
            4.1609015464782715,
            3.534698009490967,
            3.761355400085449,
            "C",
            NaN,
            NaN,
            false
        ],
        [
            10.683101654052734,
            4.013452053070068,
            0.20895233750343323,
            "C",
            NaN,
            NaN,
            false
        ],
        [
            7.260498046875,
            1.4974019527435303,
            3.3434505462646484,
            "C",
            NaN,
            NaN,
            false
        ],
        [
            0.9950233101844788,
            2.060896635055542,
            1.9556689262390137,
            "C",
            NaN,
            NaN,
            false
        ],
        [
            4.715676784515381,
            4.57694673538208,
            1.5967340469360352,
            "C",
            NaN,
            NaN,
            false
        ],
        [
            10.426376342773438,
            2.971203327178955,
            5.149137020111084,
            "C",
            NaN,
            NaN,
            false
        ],
        [
            6.705723285675049,
            0.4551534354686737,
            5.5080718994140625,
            "C",
            NaN,
            NaN,
            false
        ],
        [
            2.0405335426330566,
            2.0757412910461426,
            0.7703741192817688,
            "C",
            NaN,
            NaN,
            false
        ],
        [
            3.670166254043579,
            4.591791152954102,
            2.782028913497925,
            "C",
            NaN,
            NaN,
            false
        ],
        [
            9.380866050720215,
            2.9563586711883545,
            6.334432125091553,
            "C",
            NaN,
            NaN,
            false
        ],
        [
            7.7512335777282715,
            0.44030874967575073,
            4.322777271270752,
            "C",
            NaN,
            NaN,
            false
        ],
        [
            1.1496131420135498,
            0.5173501968383789,
            5.665940761566162,
            "C",
            NaN,
            NaN,
            false
        ],
        [
            3.749586582183838,
            3.033400297164917,
            4.991268157958984,
            "C",
            NaN,
            NaN,
            false
        ],
        [
            10.2717866897583,
            4.514750003814697,
            1.438865303993225,
            "C",
            NaN,
            NaN,
            false
        ],
        [
            7.671813488006592,
            1.9986997842788696,
            2.1135377883911133,
            "C",
            NaN,
            NaN,
            false
        ],
        [
            0.3920942544937134,
            4.531707763671875,
            4.988497257232666,
            "C",
            NaN,
            NaN,
            false
        ],
        [
            4.507105350494385,
            2.015657901763916,
            5.6687116622924805,
            "C",
            NaN,
            NaN,
            false
        ],
        [
            11.029305458068848,
            0.5003920197486877,
            2.1163084506988525,
            "C",
            NaN,
            NaN,
            false
        ],
        [
            6.914294242858887,
            3.016442060470581,
            1.4360944032669067,
            "C",
            NaN,
            NaN,
            false
        ],
        [
            -0.03289060667157173,
            1.009338617324829,
            1.5678175687789917,
            "C",
            NaN,
            NaN,
            false
        ],
        [
            5.743590354919434,
            3.525388717651367,
            1.9845854043960571,
            "C",
            NaN,
            NaN,
            false
        ],
        [
            11.454290390014648,
            4.022761344909668,
            5.536988258361816,
            "C",
            NaN,
            NaN,
            false
        ],
        [
            5.677809238433838,
            1.5067113637924194,
            5.12022066116333,
            "C",
            NaN,
            NaN,
            false
        ],
        [
            0.36777716875076294,
            0.48610085248947144,
            0.32937881350517273,
            "C",
            NaN,
            NaN,
            false
        ],
        [
            5.342922687530518,
            3.002150774002075,
            3.2230241298675537,
            "C",
            NaN,
            NaN,
            false
        ],
        [
            11.053622245788574,
            4.545999050140381,
            6.775427341461182,
            "C",
            NaN,
            NaN,
            false
        ],
        [
            6.078476905822754,
            2.029949188232422,
            3.881781816482544,
            "C",
            NaN,
            NaN,
            false
        ],
        [
            0.7617425918579102,
            4.173019886016846,
            4.029135704040527,
            "H",
            NaN,
            NaN,
            false
        ],
        [
            4.137456893920898,
            1.6569699048995972,
            6.628073692321777,
            "H",
            NaN,
            NaN,
            false
        ],
        [
            10.65965747833252,
            0.8590801358222961,
            3.0756704807281494,
            "H",
            NaN,
            NaN,
            false
        ],
        [
            7.283942699432373,
            3.3751301765441895,
            0.4767324924468994,
            "H",
            NaN,
            NaN,
            false
        ],
        [
            2.0560107231140137,
            0.8847438097000122,
            5.185584545135498,
            "H",
            NaN,
            NaN,
            false
        ],
        [
            2.843188762664795,
            3.4007937908172607,
            5.471624374389648,
            "H",
            NaN,
            NaN,
            false
        ],
        [
            9.365388870239258,
            4.147356033325195,
            1.91922128200531,
            "H",
            NaN,
            NaN,
            false
        ],
        [
            8.578210830688477,
            1.6313061714172363,
            1.6331818103790283,
            "H",
            NaN,
            NaN,
            false
        ],
        [
            0.5223554968833923,
            3.045728921890259,
            2.0765926837921143,
            "H",
            NaN,
            NaN,
            false
        ],
        [
            5.188344478607178,
            0.5296788215637207,
            1.4758102893829346,
            "H",
            NaN,
            NaN,
            false
        ],
        [
            10.899044036865234,
            1.9863711595535278,
            5.0282135009765625,
            "H",
            NaN,
            NaN,
            false
        ],
        [
            6.233055114746094,
            4.5024213790893555,
            5.628995895385742,
            "H",
            NaN,
            NaN,
            false
        ],
        [
            1.4802018404006958,
            1.8285645246505737,
            2.915102005004883,
            "H",
            NaN,
            NaN,
            false
        ],
        [
