{
    "properties": {
        "lattice_vector_a": [
            7.7245,
            0.0,
            0.0
        ],
        "lattice_vector_b": [
            0.0,
            5.551,
            0.0
        ],
        "lattice_vector_c": [
            -0.896792633413392,
            0.0,
            13.518987930413115
        ]
    },
    "struct_id": "TERPHE02",
    "input_ref": null,
    "geometry": [
        [
            0.31595221161842346,
            1.0566328763961792,
            0.8334456086158752,
            "C",
            NaN,
            NaN,
            false
        ],
        [
            2.649505138397217,
            3.8321328163146973,
            12.685542106628418,
            "C",
            NaN,
            NaN,
            false
        ],
        [
            6.511754989624023,
            4.4943671226501465,
            12.685542106628418,
            "C",
            NaN,
            NaN,
            false
        ],
        [
            4.178202152252197,
            1.7188671827316284,
            0.8334456086158752,
            "C",
            NaN,
            NaN,
            false
        ],
        [
            7.273635387420654,
            0.0023314200807362795,
            1.3656882047653198,
            "C",
            NaN,
            NaN,
            false
        ],
        [
            3.4163219928741455,
            2.7778313159942627,
            12.153299331665039,
            "C",
            NaN,
            NaN,
            false
        ],
        [
            -0.4459279477596283,
            5.548668384552002,
            12.153299331665039,
            "C",
            NaN,
            NaN,
            false
        ],
        [
            3.4113852977752686,
            2.7731685638427734,
            1.3656882047653198,
            "C",
            NaN,
            NaN,
            false
        ],
        [
            -0.14335224032402039,
            1.0546900033950806,
            13.033520698547363,
            "C",
            NaN,
            NaN,
            false
        ],
        [
            3.10880970954895,
            3.8301899433135986,
            0.485466867685318,
            "C",
            NaN,
            NaN,
            false
        ],
        [
            6.971059799194336,
            4.496310234069824,
            0.485466867685318,
            "C",
            NaN,
            NaN,
            false
        ],
        [
            3.718897819519043,
            1.720810055732727,
            13.033520698547363,
            "C",
            NaN,
            NaN,
            false
        ],
        [
            6.814172267913818,
            0.0039967200718820095,
            2.775989055633545,
            "C",
            NaN,
            NaN,
            false
        ],
        [
            3.8757851123809814,
            2.779496669769287,
            10.742999076843262,
            "C",
            NaN,
            NaN,
            false
        ],
        [
            0.013535010628402233,
            5.547003269195557,
            10.742999076843262,
            "C",
            NaN,
            NaN,
            false
        ],
        [
            2.9519224166870117,
            2.771503210067749,
            2.775989055633545,
            "C",
            NaN,
            NaN,
            false
        ],
        [
            7.153867721557617,
            1.0468075275421143,
            3.662564277648926,
            "C",
            NaN,
            NaN,
            false
        ],
        [
            3.5360896587371826,
            3.822307586669922,
            9.856423377990723,
            "C",
            NaN,
            NaN,
            false
        ],
        [
            -0.3261602818965912,
            4.504192352294922,
            9.856423377990723,
            "C",
            NaN,
            NaN,
            false
        ],
        [
            3.2916176319122314,
            1.7286924123764038,
            3.662564277648926,
            "C",
            NaN,
            NaN,
            false
        ],
        [
            6.74239444732666,
            1.0278786420822144,
            4.993373394012451,
            "C",
            NaN,
            NaN,
            false
        ],
        [
            3.9475631713867188,
            3.8033785820007324,
            8.525614738464355,
            "C",
            NaN,
            NaN,
            false
        ],
        [
            0.08531306684017181,
            4.523121356964111,
            8.525614738464355,
            "C",
            NaN,
            NaN,
            false
        ],
        [
            2.8801443576812744,
            1.7476212978363037,
            4.993373394012451,
            "C",
            NaN,
            NaN,
            false
        ],
        [
            5.97203254699707,
            5.521413326263428,
            5.483572006225586,
            "C",
            NaN,
            NaN,
            false
        ],
        [
            4.717925071716309,
            2.74591326713562,
            8.035415649414062,
            "C",
            NaN,
            NaN,
            false
        ],
        [
            0.8556749820709229,
            0.029586829245090485,
            8.035415649414062,
            "C",
            NaN,
            NaN,
            false
        ],
        [
            2.1097824573516846,
            2.805086851119995,
            5.483572006225586,
            "C",
            NaN,
            NaN,
            false
        ],
        [
            5.608163356781006,
            4.488927364349365,
            4.616734504699707,
            "C",
            NaN,
            NaN,
            false
        ],
        [
            5.081794261932373,
            1.713427186012268,
            8.902253150939941,
            "C",
            NaN,
            NaN,
            false
        ],
        [
            1.2195441722869873,
            1.0620728731155396,
            8.902253150939941,
            "C",
            NaN,
            NaN,
            false
        ],
        [
            1.7459132671356201,
            3.8375728130340576,
            4.616734504699707,
            "C",
            NaN,
            NaN,
            false
        ],
        [
            6.026753902435303,
            4.504248142242432,
            3.288088321685791,
            "C",
            NaN,
            NaN,
            false
        ],
        [
            4.663203239440918,
            1.7287479639053345,
            10.230899810791016,
            "C",
            NaN,
            NaN,
            false
        ],
        [
            0.8009532690048218,
            1.0467520952224731,
            10.230899810791016,
            "C",
            NaN,
            NaN,
            false
        ],
        [
            2.164504051208496,
            3.822252035140991,
            3.288088321685791,
            "C",
            NaN,
            NaN,
            false
        ],
        [
            0.5866040587425232,
            1.9081007242202759,
            1.4531559944152832,
            "H",
            NaN,
            NaN,
            false
        ],
        [
            2.3788533210754395,
            4.683600902557373,
            12.065832138061523,
            "H",
            NaN,
            NaN,
            false
        ],
        [
            6.241103172302246,
            3.64289927482605,
            12.065832138061523,
            "H",
            NaN,
            NaN,
            false
        ],
        [
            4.448853969573975,
            0.867399275302887,
            1.4531559944152832,
            "H",
            NaN,
            NaN,
            false
        ],
        [
            0.448085218667984,
            1.9042150974273682,
            12.699737548828125,
            "H",
            NaN,
            NaN,
            false
        ],
        [
