{
    "properties": {
        "lattice_vector_a": [
            6.0409,
            0.0,
            0.0
        ],
        "lattice_vector_b": [
            -2.4446015269164194,
            10.537452380181744,
            0.0
        ],
        "lattice_vector_c": [
            -1.7599553210513728,
            -1.7795597156821037,
            14.467298342338296
        ]
    },
    "struct_id": "VEBJOC",
    "input_ref": null,
    "geometry": [
        [
            -1.2075505256652832,
            5.475602149963379,
            7.502451419830322,
            "C",
            NaN,
            NaN,
            false
        ],
        [
            3.043893575668335,
            3.28229022026062,
            6.964846611022949,
            "C",
            NaN,
            NaN,
            false
        ],
        [
            -1.6455445289611816,
            5.217282772064209,
            6.180140495300293,
            "C",
            NaN,
            NaN,
            false
        ],
        [
            3.4818875789642334,
            3.540609836578369,
            8.287158012390137,
            "C",
            NaN,
            NaN,
            false
        ],
        [
            -1.6578282117843628,
            4.64885139465332,
            8.559432029724121,
            "C",
            NaN,
            NaN,
            false
        ],
        [
            3.494171380996704,
            4.109041213989258,
            5.90786600112915,
            "C",
            NaN,
            NaN,
            false
        ],
        [
            -1.200443148612976,
            4.827941417694092,
            9.88507080078125,
            "C",
            NaN,
            NaN,
            false
        ],
        [
            3.0367863178253174,
            3.9299511909484863,
            4.5822272300720215,
            "C",
            NaN,
            NaN,
            false
        ],
        [
            -1.582406759262085,
            4.004351615905762,
            10.942051887512207,
            "C",
            NaN,
            NaN,
            false
        ],
        [
            3.4187498092651367,
            4.753540992736816,
            3.5252466201782227,
            "C",
            NaN,
            NaN,
            false
        ],
        [
            3.5001721382141113,
            2.9371330738067627,
            10.682363510131836,
            "C",
            NaN,
            NaN,
            false
        ],
        [
            -1.6638290882110596,
            5.8207597732543945,
            3.7849345207214355,
            "C",
            NaN,
            NaN,
            false
        ],
        [
            -1.251107096672058,
            6.036751747131348,
            5.09755277633667,
            "C",
            NaN,
            NaN,
            false
        ],
        [
            3.0874502658843994,
            2.7211410999298096,
            9.369746208190918,
            "C",
            NaN,
            NaN,
            false
        ],
        [
            3.031719207763672,
            2.1134119033813477,
            11.777249336242676,
            "C",
            NaN,
            NaN,
            false
        ],
        [
            -1.195375919342041,
            6.6444807052612305,
            2.690049409866333,
            "C",
            NaN,
            NaN,
            false
        ],
        [
            2.0255229473114014,
            1.0387178659439087,
            11.579191207885742,
            "C",
            NaN,
            NaN,
            false
        ],
        [
            -0.18917980790138245,
            7.719174861907959,
            2.8881068229675293,
            "C",
            NaN,
            NaN,
            false
        ],
        [
            2.2741200923919678,
            -0.2667999267578125,
            12.046340942382812,
            "C",
            NaN,
            NaN,
            false
        ],
        [
            -0.43777701258659363,
            9.02469253540039,
            2.4209578037261963,
            "C",
            NaN,
            NaN,
            false
        ],
        [
            1.333335518836975,
            -1.2846254110336304,
            11.869115829467773,
            "C",
            NaN,
            NaN,
            false
        ],
        [
            0.5030076503753662,
            10.04251766204834,
            2.598182201385498,
            "C",
            NaN,
            NaN,
            false
        ],
        [
            0.12207197397947311,
            -1.0168309211730957,
            11.224597930908203,
            "C",
            NaN,
            NaN,
            false
        ],
        [
            1.7142711877822876,
            9.774724006652832,
            3.2427003383636475,
            "C",
            NaN,
            NaN,
            false
        ],
        [
            -0.1440098136663437,
            0.27670517563819885,
            10.770903587341309,
            "C",
            NaN,
            NaN,
            false
        ],
        [
            1.9803529977798462,
            8.48118782043457,
            3.696394681930542,
            "C",
            NaN,
            NaN,
            false
        ],
        [
            0.7942817807197571,
            1.292568325996399,
            10.945234298706055,
            "C",
            NaN,
            NaN,
            false
        ],
        [
            1.042061448097229,
            7.465324401855469,
            3.522063732147217,
            "C",
            NaN,
            NaN,
            false
        ],
        [
            -2.4927918910980225,
            2.344618320465088,
            13.032142639160156,
            "C",
            NaN,
            NaN,
            false
        ],
        [
            4.329134941101074,
            6.41327428817749,
            1.435155987739563,
            "C",
            NaN,
            NaN,
            false
        ],
        [
            -1.5344921350479126,
            3.3580620288848877,
            13.280112266540527,
            "C",
            NaN,
            NaN,
            false
        ],
        [
            3.370835304260254,
            5.399830341339111,
            1.1871864795684814,
            "C",
            NaN,
            NaN,
            false
        ],
        [
            -1.0641486644744873,
            4.182699680328369,
            12.281434059143066,
            "C",
            NaN,
            NaN,
            false
        ],
        [
            2.900491714477539,
            4.575193405151367,
            2.185864210128784,
            "C",
            NaN,
            NaN,
            false
        ],
        [
            -0.05470496043562889,
            5.2163405418396,
            12.616207122802734,
            "C",
            NaN,
            NaN,
            false
        ],
        [
            1.8910480737686157,
            3.5415520668029785,
            1.8510907888412476,
            "C",
            NaN,
            NaN,
            false
        ],
        [
            -0.2563917934894562,
            6.044888496398926,
            13.735108375549316,
            "C",
            NaN,
            NaN,
            false
        ],
        [
            2.0927350521087646,
            2.7130041122436523,
            0.732189953327179,
            "C",
            NaN,
            NaN,
            false
        ],
        [
            0.7049505710601807,
            6.976668834686279,
            14.123555183410645,
            "C",
            NaN,
            NaN,
            false
        ],
        [
            1.1313925981521606,
            1.7812237739562988,
            0.3437429964542389,
            "C",
            NaN,
            NaN,
            false
        ],
        [
            1.8880170583724976,
            7.110072612762451,
            13.393680572509766,
            "C",
            NaN,
