{
    "properties": {
        "lattice_vector_a": [
            8.3985,
            0.0,
            0.0
        ],
        "lattice_vector_b": [
            0.0,
            5.9059,
            0.0
        ],
        "lattice_vector_c": [
            -6.401940920638916,
            0.0,
            9.09044524204667
        ]
    },
    "struct_id": "ANTCEN",
    "input_ref": null,
    "geometry": [
        [
            -1.6175894737243652,
            0.158160001039505,
            3.355283260345459,
            "C",
            NaN,
            NaN,
            false
        ],
        [
            -0.5851014256477356,
            3.111109972000122,
            5.735161781311035,
            "C",
            NaN,
            NaN,
            false
        ],
        [
            3.6141486167907715,
            5.747739791870117,
            5.735161781311035,
            "C",
            NaN,
            NaN,
            false
        ],
        [
            2.581660509109497,
            2.794790029525757,
            3.355283260345459,
            "C",
            NaN,
            NaN,
            false
        ],
        [
            -0.7927275896072388,
            0.9310651421546936,
            2.573505163192749,
            "C",
            NaN,
            NaN,
            false
        ],
        [
            -1.4099633693695068,
            3.8840150833129883,
            6.516940116882324,
            "C",
            NaN,
            NaN,
            false
        ],
        [
            2.7892866134643555,
            4.97483491897583,
            6.516940116882324,
            "C",
            NaN,
            NaN,
            false
        ],
        [
            3.406522512435913,
            2.0218849182128906,
            2.573505163192749,
            "C",
            NaN,
            NaN,
            false
        ],
        [
            -0.3876963257789612,
            0.48948100209236145,
            1.2778438329696655,
            "C",
            NaN,
            NaN,
            false
        ],
        [
            -1.8149945735931396,
            3.4424309730529785,
            7.812601566314697,
            "C",
            NaN,
            NaN,
            false
        ],
        [
            2.3842554092407227,
            5.41641902923584,
            7.812601566314697,
            "C",
            NaN,
            NaN,
            false
        ],
        [
            3.811553716659546,
            2.4634690284729004,
            1.2778438329696655,
            "C",
            NaN,
            NaN,
            false
        ],
        [
            0.4283963441848755,
            1.2670518159866333,
            0.44543182849884033,
            "C",
            NaN,
            NaN,
            false
        ],
        [
            -2.631087303161621,
            4.220001697540283,
            8.645013809204102,
            "C",
            NaN,
            NaN,
            false
        ],
        [
            1.5681626796722412,
            4.638848304748535,
            8.645013809204102,
            "C",
            NaN,
            NaN,
            false
        ],
        [
            4.627646446228027,
            1.6858981847763062,
            0.44543182849884033,
            "C",
            NaN,
            NaN,
            false
        ],
        [
            7.569986343383789,
            5.096319198608398,
            0.8186854720115662,
            "C",
            NaN,
            NaN,
            false
        ],
        [
            -1.374177098274231,
            2.143369197845459,
            8.271759986877441,
            "C",
            NaN,
            NaN,
            false
        ],
        [
            -5.573427200317383,
            0.8095807433128357,
            8.271759986877441,
            "C",
            NaN,
            NaN,
            false
        ],
        [
            3.3707361221313477,
            3.76253080368042,
            0.8186854720115662,
            "C",
            NaN,
            NaN,
            false
        ],
        [
            6.72646951675415,
            4.321288108825684,
            1.6661877632141113,
            "C",
            NaN,
            NaN,
            false
        ],
        [
            -0.5306602120399475,
            1.3683379888534546,
            7.424257755279541,
            "C",
            NaN,
            NaN,
            false
        ],
        [
            -4.729910373687744,
            1.5846120119094849,
            7.424257755279541,
            "C",
            NaN,
            NaN,
            false
        ],
        [
            2.527219295501709,
            4.537561893463135,
            1.6661877632141113,
            "C",
            NaN,
            NaN,
            false
        ],
        [
            6.328100204467773,
            4.7950592041015625,
            2.892761468887329,
            "C",
            NaN,
            NaN,
            false
        ],
        [
            -0.13229121267795563,
            1.8421093225479126,
            6.197683811187744,
            "C",
            NaN,
            NaN,
            false
        ],
        [
            -4.331541061401367,
            1.1108406782150269,
            6.197683811187744,
            "C",
            NaN,
            NaN,
            false
        ],
        [
            2.128850221633911,
            4.063790798187256,
            2.892761468887329,
            "C",
            NaN,
            NaN,
            false
        ],
        [
            -1.9213367700576782,
            0.5180065035820007,
            4.338142395019531,
            "H",
            NaN,
            NaN,
            false
        ],
        [
            -0.2813541889190674,
            3.470956563949585,
            4.752303123474121,
            "H",
            NaN,
            NaN,
            false
        ],
        [
            3.917895793914795,
            5.3878936767578125,
            4.752303123474121,
            "H",
            NaN,
            NaN,
            false
        ],
        [
            2.2779133319854736,
            2.434943437576294,
            4.338142395019531,
            "H",
            NaN,
            NaN,
            false
        ],
        [
            -0.44031351804733276,
            1.9008729457855225,
            2.9242143630981445,
            "H",
            NaN,
            NaN,
            false
        ],
        [
            -1.762377381324768,
            4.853823184967041,
            6.16623067855835,
            "H",
            NaN,
            NaN,
            false
        ],
        [
            2.436872720718384,
            4.005026817321777,
            6.16623067855835,
            "H",
            NaN,
            NaN,
            false
        ],
        [
            3.7589364051818848,
            1.052077054977417,
            2.9242143630981445,
            "H",
            NaN,
            NaN,
            false
        ],
        [
            0.7672542929649353,
            2.2440056800842285,
            0.7917777895927429,
            "H",
            NaN,
            NaN,
            false
        ],
        [
            -2.969945192337036,
            5.196955680847168,
            8.298667907714844,
            "H",
            NaN,
            NaN,
            false
        ],
        [
            1.2293047904968262,
            3.6618943214416504,
            8.298667907714844,
            "H",
            NaN,
            NaN,
            false
        ],
        [
            4.966504096984863,
            0.7089442610740662,
            0.7917777895927429,
            "H",
            NaN,
            NaN,
            false
        ],
        [
            6.394414901733398,
            3.3449835777282715,
            1.3179327249526978,
            "H",
            NaN,
            NaN,
            false
        ],
        [
