{
    "properties": {
        "lattice_vector_a": [
            7.7436,
            0.0,
            0.0
        ],
        "lattice_vector_b": [
            0.0,
            5.5344,
            0.0
        ],
        "lattice_vector_c": [
            -0.5567073667249031,
            0.0,
            9.42407115623785
        ]
    },
    "struct_id": "BIPHEN",
    "input_ref": null,
    "geometry": [
        [
            0.2240007221698761,
            5.525766372680664,
            0.7095383405685425,
            "C",
            NaN,
            NaN,
            false
        ],
        [
            3.0910918712615967,
            2.758566379547119,
            8.714532852172852,
            "C",
            NaN,
            NaN,
            false
        ],
        [
            6.962892055511475,
            0.00863366387784481,
            8.714532852172852,
            "C",
            NaN,
            NaN,
            false
        ],
        [
            4.095800876617432,
            2.7758336067199707,
            0.7095383405685425,
            "C",
            NaN,
            NaN,
            false
        ],
        [
            7.620937824249268,
            1.0236979722976685,
            1.6045423746109009,
            "C",
            NaN,
            NaN,
            false
        ],
        [
            3.4377546310424805,
            3.790898084640503,
            7.819528579711914,
            "C",
            NaN,
            NaN,
            false
        ],
        [
            -0.4340454041957855,
            4.510702133178711,
            7.819528579711914,
            "C",
            NaN,
            NaN,
            false
        ],
        [
            3.749138116836548,
            1.7435020208358765,
            1.6045423746109009,
            "C",
            NaN,
            NaN,
            false
        ],
        [
            0.2862563729286194,
            0.9951958060264587,
            2.9367289543151855,
            "C",
            NaN,
            NaN,
            false
        ],
        [
            3.028836250305176,
            3.7623958587646484,
            6.48734188079834,
            "C",
            NaN,
            NaN,
            false
        ],
        [
            6.900636196136475,
            4.539204120635986,
            6.48734188079834,
            "C",
            NaN,
            NaN,
            false
        ],
        [
            4.158056259155273,
            1.772004246711731,
            2.9367289543151855,
            "C",
            NaN,
            NaN,
            false
        ],
        [
            1.0614945888519287,
            5.472691535949707,
            3.4186761379241943,
            "C",
            NaN,
            NaN,
            false
        ],
        [
            2.2535979747772217,
            2.705491542816162,
            6.00539493560791,
            "C",
            NaN,
            NaN,
            false
        ],
        [
            6.1253981590271,
            0.06170855835080147,
            6.00539493560791,
            "C",
            NaN,
            NaN,
            false
        ],
        [
            4.933294773101807,
            2.8289084434509277,
            3.4186761379241943,
            "C",
            NaN,
            NaN,
            false
        ],
        [
            1.4269551038742065,
            4.447554588317871,
            2.5449705123901367,
            "C",
            NaN,
            NaN,
            false
        ],
        [
            1.8881375789642334,
            1.6803544759750366,
            6.879100799560547,
            "C",
            NaN,
            NaN,
            false
        ],
        [
            5.759937763214111,
            1.0868455171585083,
            6.879100799560547,
            "C",
            NaN,
            NaN,
            false
        ],
        [
            5.298755168914795,
            3.8540453910827637,
            2.5449705123901367,
            "C",
            NaN,
            NaN,
            false
        ],
        [
            1.0084168910980225,
            4.471297264099121,
            1.215705156326294,
            "C",
            NaN,
            NaN,
            false
        ],
        [
            2.306675672531128,
            1.7040971517562866,
            8.208366394042969,
            "C",
            NaN,
            NaN,
            false
        ],
        [
            6.178475856781006,
            1.0631028413772583,
            8.208366394042969,
            "C",
            NaN,
            NaN,
            false
        ],
        [
            4.8802170753479,
            3.8303029537200928,
            1.215705156326294,
            "C",
            NaN,
            NaN,
            false
        ],
        [
            7.012339115142822,
            1.8630450963974,
            1.2760192155838013,
            "H",
            NaN,
            NaN,
            false
        ],
        [
            4.046353816986084,
            4.630245208740234,
            8.148052215576172,
            "H",
            NaN,
            NaN,
            false
        ],
        [
            0.1745537370443344,
            3.6713550090789795,
            8.148052215576172,
            "H",
            NaN,
            NaN,
            false
        ],
        [
            3.1405389308929443,
            0.9041549563407898,
            1.2760192155838013,
            "H",
            NaN,
            NaN,
            false
        ],
        [
            -0.01565946266055107,
            1.8056533336639404,
            3.599900960922241,
            "H",
            NaN,
            NaN,
            false
        ],
        [
            3.33075213432312,
            4.5728535652160645,
            5.824170112609863,
            "H",
            NaN,
            NaN,
            false
        ],
        [
            7.202552318572998,
            3.7287466526031494,
            5.824170112609863,
            "H",
            NaN,
            NaN,
            false
        ],
        [
            3.856140613555908,
            0.9615466594696045,
            3.599900960922241,
            "H",
            NaN,
            NaN,
            false
        ],
        [
            1.3745359182357788,
            5.447842121124268,
            4.461355209350586,
            "H",
            NaN,
            NaN,
            false
        ],
        [
            1.9405567646026611,
            2.6806418895721436,
            4.962716102600098,
            "H",
            NaN,
            NaN,
            false
        ],
        [
            5.812356948852539,
            0.0865580141544342,
            4.962716102600098,
            "H",
            NaN,
            NaN,
            false
        ],
        [
            5.246335983276367,
            2.8537580966949463,
            4.461355209350586,
            "H",
            NaN,
            NaN,
            false
        ],
        [
            2.0455322265625,
            3.6197190284729004,
            2.8881008625030518,
            "H",
            NaN,
            NaN,
            false
        ],
        [
            1.2695603370666504,
            0.8525189757347107,
            6.535970211029053,
            "H",
            NaN,
            NaN,
            false
        ],
        [
            5.141360282897949,
            1.914681077003479,
            6.535970211029053,
            "H",
            NaN,
            NaN,
            false
        ],
        [
            5.917332172393799,
            4.681880950927734,
            2.8881008625030518,
            "H",
            NaN,
            NaN,
            false
        ],
        [
            1.3060940504074097,
            3.647446393966675,
            0.5718526244163513,
            "H",
            NaN,
            NaN,
            false
        ],
        [
            2.0089986324310303,
