{
    "properties": {
        "lattice_vector_a": [
            15.906,
            0.0,
            0.0
        ],
        "lattice_vector_b": [
            0.0,
            4.5703,
            0.0
        ],
        "lattice_vector_c": [
            -3.524781082032645,
            0.0,
            9.35659770289098
        ]
    },
    "struct_id": "CORONE01",
    "input_ref": null,
    "geometry": [
        [
            13.833702087402344,
            2.6558470726013184,
            0.3577962815761566,
            "C",
            NaN,
            NaN,
            false
        ],
        [
            6.500516414642334,
            0.370697021484375,
            8.998801231384277,
            "C",
            NaN,
            NaN,
            false
        ],
        [
            -1.4524835348129272,
            1.9144529104232788,
            8.998801231384277,
            "C",
            NaN,
            NaN,
            false
        ],
        [
            5.880702495574951,
            4.199603080749512,
            0.3577962815761566,
            "C",
            NaN,
            NaN,
            false
        ],
        [
            13.44381046295166,
            2.3011460304260254,
            1.6790415048599243,
            "C",
            NaN,
            NaN,
            false
        ],
        [
            6.890408039093018,
            0.015996050089597702,
            7.677556037902832,
            "C",
            NaN,
            NaN,
            false
        ],
        [
            -1.0625919103622437,
            2.2691538333892822,
            7.677556037902832,
            "C",
            NaN,
            NaN,
            false
        ],
        [
            5.490810871124268,
            4.554304122924805,
            1.6790415048599243,
            "C",
            NaN,
            NaN,
            false
        ],
        [
            14.049358367919922,
            2.871702194213867,
            2.772172689437866,
            "C",
            NaN,
            NaN,
            false
        ],
        [
            6.284860610961914,
            0.5865523219108582,
            6.58442497253418,
            "C",
            NaN,
            NaN,
            false
        ],
        [
            -1.6681395769119263,
            1.6985976696014404,
            6.58442497253418,
            "C",
            NaN,
            NaN,
            false
        ],
        [
            6.096358299255371,
            3.983747720718384,
            2.772172689437866,
            "C",
            NaN,
            NaN,
            false
        ],
        [
            -0.8028106093406677,
            3.815789222717285,
            2.6267712116241455,
            "C",
            NaN,
            NaN,
            false
        ],
        [
            5.231029510498047,
            1.5306391716003418,
            6.7298264503479,
            "C",
            NaN,
            NaN,
            false
        ],
        [
            13.184029579162598,
            0.7545108199119568,
            6.7298264503479,
            "C",
            NaN,
            NaN,
            false
        ],
        [
            7.150189399719238,
            3.039660930633545,
            2.6267712116241455,
            "C",
            NaN,
            NaN,
            false
        ],
        [
            -0.13016988337039948,
            4.3904128074646,
            3.741516351699829,
            "C",
            NaN,
            NaN,
            false
        ],
        [
            4.558388710021973,
            2.1052629947662354,
            5.615081310272217,
            "C",
            NaN,
            NaN,
            false
        ],
        [
            12.511388778686523,
            0.17988701164722443,
            5.615081310272217,
            "C",
            NaN,
            NaN,
            false
        ],
        [
            7.8228302001953125,
            2.4650371074676514,
            3.741516351699829,
            "C",
            NaN,
            NaN,
            false
        ],
        [
            0.8796941041946411,
            0.7376464009284973,
            3.566735029220581,
            "C",
            NaN,
            NaN,
            false
        ],
        [
            3.548524856567383,
            3.022796392440796,
            5.789862632751465,
            "C",
            NaN,
            NaN,
            false
        ],
        [
            11.501524925231934,
            3.832653522491455,
            5.789862632751465,
            "C",
            NaN,
            NaN,
            false
        ],
        [
            8.832694053649902,
            1.5475035905838013,
            3.566735029220581,
            "C",
            NaN,
            NaN,
            false
        ],
        [
            1.2918592691421509,
            1.1417980194091797,
            2.267009973526001,
            "C",
            NaN,
            NaN,
            false
        ],
        [
            3.136359691619873,
            3.426948070526123,
            7.089587688446045,
            "C",
            NaN,
            NaN,
            false
        ],
        [
            11.089359283447266,
            3.428501844406128,
            7.089587688446045,
            "C",
            NaN,
            NaN,
            false
        ],
        [
            9.24485969543457,
            1.1433519124984741,
            2.267009973526001,
            "C",
            NaN,
            NaN,
            false
        ],
        [
            2.317186117172241,
            2.1033434867858887,
            2.057515859603882,
            "C",
            NaN,
            NaN,
            false
        ],
        [
            2.111032724380493,
            4.388493537902832,
            7.299081802368164,
            "C",
            NaN,
            NaN,
            false
        ],
        [
            10.064032554626465,
            2.466956615447998,
            7.299081802368164,
            "C",
            NaN,
            NaN,
            false
        ],
        [
            10.270186424255371,
            0.1818065345287323,
            2.057515859603882,
            "C",
            NaN,
            NaN,
            false
        ],
        [
            2.686845541000366,
            2.483043909072876,
            0.7899775505065918,
            "C",
            NaN,
            NaN,
            false
        ],
        [
            1.7413734197616577,
            0.19789399206638336,
            8.566619873046875,
            "C",
            NaN,
            NaN,
            false
        ],
        [
            9.69437313079834,
            2.0872559547424316,
            8.566619873046875,
            "C",
            NaN,
            NaN,
            false
        ],
        [
            10.639845848083496,
            4.372406005859375,
            0.7899775505065918,
            "C",
            NaN,
            NaN,
            false
        ],
        [
            14.865230560302734,
            3.6180779933929443,
            0.1795531064271927,
            "C",
            NaN,
            NaN,
            false
        ],
        [
            5.468988418579102,
            1.332927942276001,
            9.177044868469238,
            "C",
            NaN,
            NaN,
            false
        ],
        [
            -2.48401141166687,
            0.9522219896316528,
            9.177044868469238,
            "C",
            NaN,
            NaN,
            false
        ],
        [
            6.912230491638184,
            3.2373719215393066,
            0.1795531064271927,
            "C",
            NaN,
            NaN,
            false
        ],
        [
            -0.40009579062461853,
            4.192427635192871,
            1.3149762153625488,
            "C",
            NaN,
            NaN,
            false
        ],
        [
