{
    "properties": {
        "lattice_vector_a": [
            11.6622,
            0.0,
            0.0
        ],
        "lattice_vector_b": [
            0.0,
            5.0952,
            0.0
        ],
        "lattice_vector_c": [
            0.2499232310265061,
            0.0,
            11.920280315017482
        ]
    },
    "struct_id": "KAGGEG",
    "input_ref": null,
    "geometry": [
        [
            3.786891222000122,
            1.8147573471069336,
            8.941521644592285,
            "C",
            NaN,
            NaN,
            false
        ],
        [
            8.25019359588623,
            4.3623576164245605,
            8.938899040222168,
            "C",
            NaN,
            NaN,
            false
        ],
        [
            8.125231742858887,
            3.280442714691162,
            2.9787588119506836,
            "C",
            NaN,
            NaN,
            false
        ],
        [
            3.6619296073913574,
            0.7328426241874695,
            2.981381416320801,
            "C",
            NaN,
            NaN,
            false
        ],
        [
            4.210526943206787,
            2.4715287685394287,
            8.182557106018066,
            "H",
            NaN,
            NaN,
            false
        ],
        [
            7.826557636260986,
            5.019128799438477,
            9.697863578796387,
            "H",
            NaN,
            NaN,
            false
        ],
        [
            7.701596260070801,
            2.623671293258667,
            3.7377231121063232,
            "H",
            NaN,
            NaN,
            false
        ],
        [
            4.085565567016602,
            0.07607133686542511,
            2.222417116165161,
            "H",
            NaN,
            NaN,
            false
        ],
        [
            2.4335644245147705,
            1.957219123840332,
            9.284229278564453,
            "C",
            NaN,
            NaN,
            false
        ],
        [
            9.603520393371582,
            4.504819393157959,
            8.59619140625,
            "C",
            NaN,
            NaN,
            false
        ],
        [
            9.478558540344238,
            3.1379809379577637,
            2.6360507011413574,
            "C",
            NaN,
            NaN,
            false
        ],
        [
            2.308602809906006,
            0.590380847454071,
            3.324089288711548,
            "C",
            NaN,
            NaN,
            false
        ],
        [
            1.8254848718643188,
            2.7223143577575684,
            8.805273056030273,
            "H",
            NaN,
            NaN,
            false
        ],
        [
            10.211600303649902,
            0.17471440136432648,
            9.07514762878418,
            "H",
            NaN,
            NaN,
            false
        ],
        [
            10.086638450622559,
            2.3728857040405273,
            3.1150076389312744,
            "H",
            NaN,
            NaN,
            false
        ],
        [
            1.7005232572555542,
            4.920485496520996,
            2.84513258934021,
            "H",
            NaN,
            NaN,
            false
        ],
        [
            1.8482708930969238,
            1.1423438787460327,
            10.25918960571289,
            "C",
            NaN,
            NaN,
            false
        ],
        [
            10.188814163208008,
            3.689943790435791,
            7.6212310791015625,
            "C",
            NaN,
            NaN,
            false
        ],
        [
            10.063852310180664,
            3.9528560638427734,
            1.6610910892486572,
            "C",
            NaN,
            NaN,
            false
        ],
        [
            1.7233092784881592,
            1.4052561521530151,
            4.299048900604248,
            "C",
            NaN,
            NaN,
            false
        ],
        [
            0.4794407784938812,
            1.304778814315796,
            10.635631561279297,
            "C",
            NaN,
            NaN,
            false
        ],
        [
            11.55764389038086,
            3.8523788452148438,
            7.244788646697998,
            "C",
            NaN,
            NaN,
            false
        ],
        [
            11.432682037353516,
            3.7904212474823,
            1.2846486568450928,
            "C",
            NaN,
            NaN,
            false
        ],
        [
            0.3544791638851166,
            1.242821216583252,
            4.6754913330078125,
            "C",
            NaN,
            NaN,
            false
        ],
        [
            11.59149169921875,
            2.1008529663085938,
            10.132953643798828,
            "H",
            NaN,
            NaN,
            false
        ],
        [
            0.44559332728385925,
            4.6484527587890625,
            7.747467041015625,
            "H",
            NaN,
            NaN,
            false
        ],
        [
            0.3206317126750946,
            2.994347095489502,
            1.7873268127441406,
            "H",
            NaN,
            NaN,
            false
        ],
        [
            11.466529846191406,
            0.4467471241950989,
            4.172813415527344,
            "H",
            NaN,
            NaN,
            false
        ],
        [
            0.3845948874950409,
            4.570700168609619,
            0.33257582783699036,
            "C",
            NaN,
            NaN,
            false
        ],
        [
            11.402566909790039,
            2.0231001377105713,
            5.627564430236816,
            "C",
            NaN,
            NaN,
            false
        ],
        [
            11.527528762817383,
            0.5244998931884766,
            11.5877046585083,
            "C",
            NaN,
            NaN,
            false
        ],
        [
            0.5095565319061279,
            3.0720999240875244,
            6.292716026306152,
            "C",
            NaN,
            NaN,
            false
        ],
        [
            4.572390556335449,
            0.8692411184310913,
            9.57246208190918,
            "C",
            NaN,
            NaN,
            false
        ],
        [
            7.464694023132324,
            3.4168410301208496,
            8.307958602905273,
            "C",
            NaN,
            NaN,
            false
        ],
        [
            7.339732646942139,
            4.225958824157715,
            2.347818374633789,
            "C",
            NaN,
            NaN,
            false
        ],
        [
            4.447429180145264,
            1.6783589124679565,
            3.6123218536376953,
            "C",
            NaN,
            NaN,
            false
        ],
        [
            5.6323394775390625,
            0.7792598605155945,
            9.331911087036133,
            "H",
            NaN,
            NaN,
            false
        ],
        [
            6.404745578765869,
            3.326859951019287,
            8.54850959777832,
            "H",
            NaN,
            NaN,
            false
        ],
        [
            6.279783725738525,
            4.315939903259277,
            2.588369607925415,
            "H",
            NaN,
            NaN,
            false
        ],
        [
            5.507377624511719,
            1.7683401107788086,
            3.3717703819274902,
            "H",
            NaN,
            NaN,
            false
        ],
        [
            4.0218682289123535,
            0.014877984300255775,
            10.56494426727295,
            "C",
            NaN,
            NaN,
            false
        ],
        [
