{
    "properties": {
        "lattice_vector_a": [
            19.11375,
            0.0,
            0.0
        ],
        "lattice_vector_b": [
            0.0,
            4.61449,
            0.0
        ],
        "lattice_vector_c": [
            -2.553455030207882,
            0.0,
            9.696783767373907
        ]
    },
    "struct_id": "OVALEN01",
    "input_ref": null,
    "geometry": [
        [
            0.32430413365364075,
            4.602016925811768,
            3.087388038635254,
            "C",
            NaN,
            NaN,
            false
        ],
        [
            16.236183166503906,
            0.012348375283181667,
            6.609318256378174,
            "C",
            NaN,
            NaN,
            false
        ],
        [
            6.678590774536133,
            2.2942967414855957,
            6.60950231552124,
            "C",
            NaN,
            NaN,
            false
        ],
        [
            9.881454467773438,
            2.3202810287475586,
            3.0873589515686035,
            "C",
            NaN,
            NaN,
            false
        ],
        [
            17.681310653686523,
            3.0946476459503174,
            2.2938129901885986,
            "C",
            NaN,
            NaN,
            false
        ],
        [
            -1.1208019256591797,
            1.51972234249115,
            7.402883529663086,
            "C",
            NaN,
            NaN,
            false
        ],
        [
            8.43563461303711,
            0.7871212363243103,
            7.402951240539551,
            "C",
            NaN,
            NaN,
            false
        ],
        [
            8.124486923217773,
            3.8275210857391357,
            2.293910026550293,
            "C",
            NaN,
            NaN,
            false
        ],
        [
            -0.6899697184562683,
            3.6683812141418457,
            3.3321542739868164,
            "C",
            NaN,
            NaN,
            false
        ],
        [
            17.250438690185547,
            0.9460258483886719,
            6.364552021026611,
            "C",
            NaN,
            NaN,
            false
        ],
        [
            7.6929450035095215,
            1.360679268836975,
            6.364648818969727,
            "C",
            NaN,
            NaN,
            false
        ],
        [
            8.867097854614258,
            3.2539167404174805,
            3.3322222232818604,
            "C",
            NaN,
            NaN,
            false
        ],
        [
            -0.13907712697982788,
            4.424087047576904,
            0.674042820930481,
            "C",
            NaN,
            NaN,
            false
        ],
        [
            16.699626922607422,
            0.19026465713977814,
            9.02264404296875,
            "C",
            NaN,
            NaN,
            false
        ],
        [
            7.142421722412109,
            2.1170356273651123,
            9.022663116455078,
            "C",
            NaN,
            NaN,
            false
        ],
        [
            9.417702674865723,
            2.4976019859313965,
            0.6741882562637329,
            "C",
            NaN,
            NaN,
            false
        ],
        [
            0.5977394580841064,
            0.38128146529197693,
            1.7400199174880981,
            "C",
            NaN,
            NaN,
            false
        ],
        [
            15.962785720825195,
            4.233051776885986,
            7.956686019897461,
            "C",
            NaN,
            NaN,
            false
        ],
        [
            6.4051289558410645,
            2.6880743503570557,
            7.956754207611084,
            "C",
            NaN,
            NaN,
            false
        ],
        [
            10.154935836791992,
            1.9265265464782715,
            1.7401072978973389,
            "C",
            NaN,
            NaN,
            false
        ],
        [
            1.60970139503479,
            1.341395378112793,
            1.4688299894332886,
            "C",
            NaN,
            NaN,
            false
        ],
        [
            14.950824737548828,
            3.272937774658203,
            8.227875709533691,
            "C",
            NaN,
            NaN,
            false
        ],
        [
            5.393147945404053,
            3.648128032684326,
            8.227944374084473,
            "C",
            NaN,
            NaN,
            false
        ],
        [
            11.166933059692383,
            0.96649569272995,
            1.468927025794983,
            "C",
            NaN,
            NaN,
            false
        ],
        [
            1.8787341117858887,
            1.729353904724121,
            0.12649454176425934,
            "C",
            NaN,
            NaN,
            false
        ],
        [
            14.68181037902832,
            2.884997606277466,
            9.570211410522461,
            "C",
            NaN,
            NaN,
            false
        ],
        [
            5.124401569366455,
            4.036215782165527,
            9.570279121398926,
            "C",
            NaN,
            NaN,
            false
        ],
        [
            11.435739517211914,
            0.5784540176391602,
            0.1265818178653717,
            "C",
            NaN,
            NaN,
            false
        ],
        [
            17.964860916137695,
            3.4695935249328613,
            0.9436037540435791,
            "C",
            NaN,
            NaN,
            false
        ],
        [
            -1.4042937755584717,
            1.1447349786758423,
            8.753092765808105,
            "C",
            NaN,
            NaN,
            false
        ],
        [
            8.152169227600098,
            1.1624315977096558,
            8.753131866455078,
            "C",
            NaN,
            NaN,
            false
        ],
        [
            8.407954216003418,
            3.4522106647491455,
            0.9437201023101807,
            "C",
            NaN,
            NaN,
            false
        ],
        [
            1.107618808746338,
            0.5628339648246765,
            4.137200832366943,
            "C",
            NaN,
            NaN,
            false
        ],
        [
            15.452906608581543,
            4.05148983001709,
            5.559505462646484,
            "C",
            NaN,
            NaN,
            false
        ],
        [
            5.895186901092529,
            2.8695528507232666,
            5.5597381591796875,
            "C",
            NaN,
            NaN,
            false
        ],
        [
            10.664798736572266,
            1.7449740171432495,
            4.13713264465332,
            "C",
            NaN,
            NaN,
            false
        ],
        [
            2.0778019428253174,
            1.4901111125946045,
            3.870859146118164,
            "C",
            NaN,
            NaN,
            false
        ],
        [
            14.48276424407959,
            3.124152660369873,
            5.8258376121521,
            "C",
            NaN,
            NaN,
            false
        ],
        [
            4.925087928771973,
            3.79695463180542,
            5.826050758361816,
            "C",
            NaN,
            NaN,
            false
        ],
        [
            11.634894371032715,
            0.8175584077835083,
            3.8708300590515137,
            "C",
            NaN,
            NaN,
            false
        ],
        [
            2.355806350708008,
            1.913264513015747,
            2.536407232284546,
            "C",
            NaN,
            NaN,
            false
        ],
        [
