{
    "properties": {
        "lattice_vector_a": [
            9.85955,
            0.0,
            0.0
        ],
        "lattice_vector_b": [
            0.0,
            5.42604,
            0.0
        ],
        "lattice_vector_c": [
            -1.7302271369332214,
            0.0,
            10.899401884003538
        ]
    },
    "struct_id": "PERLEN07",
    "input_ref": null,
    "geometry": [
        [
            3.9884262084960938,
            1.731726050376892,
            0.491584837436676,
            "C",
            NaN,
            NaN,
            false
        ],
        [
            4.140896797180176,
            3.6943140029907227,
            10.407816886901855,
            "C",
            NaN,
            NaN,
            false
        ],
        [
            5.005444049835205,
            4.443666458129883,
            4.959445953369141,
            "C",
            NaN,
            NaN,
            false
        ],
        [
            3.1238770484924316,
            0.9823737144470215,
            5.939967155456543,
            "C",
            NaN,
            NaN,
            false
        ],
        [
            5.3752827644348145,
            1.7379335165023804,
            0.9704936146736145,
            "C",
            NaN,
            NaN,
            false
        ],
        [
            2.754040002822876,
            3.6881065368652344,
            9.928908348083496,
            "C",
            NaN,
            NaN,
            false
        ],
        [
            3.6186776161193848,
            4.450221061706543,
            4.4801554679870605,
            "C",
            NaN,
            NaN,
            false
        ],
        [
            4.510643482208252,
            0.9758190512657166,
            6.419257164001465,
            "C",
            NaN,
            NaN,
            false
        ],
        [
            1.8462111949920654,
            2.7039313316345215,
            10.42758846282959,
            "C",
            NaN,
            NaN,
            false
        ],
        [
            6.283111572265625,
            2.7221086025238037,
            0.4718133211135864,
            "C",
            NaN,
            NaN,
            false
        ],
        [
            5.418065547943115,
            5.416967868804932,
            5.921525001525879,
            "C",
            NaN,
            NaN,
            false
        ],
        [
            2.7112574577331543,
            0.009066913276910782,
            4.977876663208008,
            "C",
            NaN,
            NaN,
            false
        ],
        [
            5.8395185470581055,
            0.8106503486633301,
            1.9027631282806396,
            "C",
            NaN,
            NaN,
            false
        ],
        [
            2.289804458618164,
            4.615389823913574,
            8.996639251708984,
            "C",
            NaN,
            NaN,
            false
        ],
        [
            3.1537933349609375,
            3.5216898918151855,
            3.5494883060455322,
            "C",
            NaN,
            NaN,
            false
        ],
        [
            4.975529670715332,
            1.9043501615524292,
            7.349913597106934,
            "C",
            NaN,
            NaN,
            false
        ],
        [
            0.4899001121520996,
            2.697333335876465,
            9.956624984741211,
            "C",
            NaN,
            NaN,
            false
        ],
        [
            7.6394243240356445,
            2.7287065982818604,
            0.9427655935287476,
            "C",
            NaN,
            NaN,
            false
        ],
        [
            6.774835586547852,
            5.411362648010254,
            6.391147613525391,
            "C",
            NaN,
            NaN,
            false
        ],
        [
            1.3544870615005493,
            0.014677437953650951,
            4.508254051208496,
            "C",
            NaN,
            NaN,
            false
        ],
        [
            3.0529375076293945,
            0.809049665927887,
            0.9557576775550842,
            "C",
            NaN,
            NaN,
            false
        ],
        [
            5.076385498046875,
            4.616990089416504,
            9.943644523620605,
            "C",
            NaN,
            NaN,
            false
        ],
        [
            5.941149711608887,
            3.522064208984375,
            4.493659973144531,
            "C",
            NaN,
            NaN,
            false
        ],
        [
            2.188173294067383,
            1.9039703607559204,
            6.405742168426514,
            "C",
            NaN,
            NaN,
            false
        ],
        [
            -0.4128289520740509,
            1.7289533615112305,
            10.455850601196289,
            "C",
            NaN,
            NaN,
            false
        ],
        [
            8.54215145111084,
            3.6970865726470947,
            0.4435511529445648,
            "C",
            NaN,
            NaN,
            false
        ],
        [
            7.677718639373779,
            4.443769454956055,
            5.8905816078186035,
            "C",
            NaN,
            NaN,
            false
        ],
        [
            0.45161423087120056,
            0.9822705984115601,
            5.008820056915283,
            "C",
            NaN,
            NaN,
            false
        ],
        [
            0.07357144355773926,
            3.6634342670440674,
            9.00920581817627,
            "C",
            NaN,
            NaN,
            false
        ],
        [
            8.05575180053711,
            1.7626056671142578,
            1.8901960849761963,
            "C",
            NaN,
            NaN,
            false
        ],
        [
            7.191494464874268,
            0.9517599940299988,
            7.337978839874268,
            "C",
            NaN,
            NaN,
            false
        ],
        [
            0.9378283619880676,
            4.474279880523682,
            3.5614230632781982,
            "C",
            NaN,
            NaN,
            false
        ],
        [
            1.73031747341156,
            0.8075412511825562,
            0.4931107461452484,
            "C",
            NaN,
            NaN,
            false
        ],
        [
            6.39900541305542,
            4.618498802185059,
            10.406291007995605,
            "C",
            NaN,
            NaN,
            false
        ],
        [
            7.2644476890563965,
            3.522026300430298,
            4.954334259033203,
            "C",
            NaN,
            NaN,
            false
        ],
        [
            0.864875316619873,
            1.9040191173553467,
            5.945067882537842,
            "C",
            NaN,
            NaN,
            false
        ],
        [
            7.1648664474487305,
            0.8223706483840942,
            2.3608322143554688,
            "C",
            NaN,
            NaN,
            false
        ],
        [
            0.9644562005996704,
            4.603669166564941,
            8.538569450378418,
            "C",
            NaN,
            NaN,
            false
        ],
        [
            1.828453779220581,
            3.5334155559539795,
            3.091364622116089,
            "C",
            NaN,
            NaN,
            false
        ],
        [
            6.300868988037109,
            1.8926244974136353,
            7.808037281036377,
            "C",
            NaN,
            NaN,
            false
        ],
        [
            7.4757771492004395,
            0.07067959755659103,
            3.084160089492798,
            "H",
            NaN,
            NaN,
            false
        ],
        [
