{
    "properties": {
        "lattice_vector_a": [
            8.4087,
            0.0,
            0.0
        ],
        "lattice_vector_b": [
            0.0,
            5.9176,
            0.0
        ],
        "lattice_vector_c": [
            -1.220526934368518,
            0.0,
            9.273323831964515
        ]
    },
    "struct_id": "PHENAN",
    "input_ref": null,
    "geometry": [
        [
            0.5725513100624084,
            2.2909395694732666,
            6.393214702606201,
            "C",
            NaN,
            NaN,
            false
        ],
        [
            6.615621566772461,
            5.249739646911621,
            2.8801088333129883,
            "C",
            NaN,
            NaN,
            false
        ],
        [
            1.6218968629837036,
            3.494342803955078,
            8.27644157409668,
            "C",
            NaN,
            NaN,
            false
        ],
        [
            5.5662760734558105,
            0.5355427861213684,
            0.9968823194503784,
            "C",
            NaN,
            NaN,
            false
        ],
        [
            0.884089469909668,
            2.378934383392334,
            7.770025253295898,
            "C",
            NaN,
            NaN,
            false
        ],
        [
            6.304083347320557,
            5.337734222412109,
            1.5032985210418701,
            "C",
            NaN,
            NaN,
            false
        ],
        [
            0.45779070258140564,
            1.343650221824646,
            8.660449981689453,
            "C",
            NaN,
            NaN,
            false
        ],
        [
            6.730382442474365,
            4.302450180053711,
            0.6128739714622498,
            "C",
            NaN,
            NaN,
            false
        ],
        [
            2.033132553100586,
            1.4315266609191895,
            0.7948166131973267,
            "C",
            NaN,
            NaN,
            false
        ],
        [
            5.155040740966797,
            4.390326499938965,
            8.478507041931152,
            "C",
            NaN,
            NaN,
            false
        ],
        [
            2.7574541568756104,
            2.5748069286346436,
            1.2529188394546509,
            "C",
            NaN,
            NaN,
            false
        ],
        [
            4.430718898773193,
            5.533607006072998,
            8.020404815673828,
            "C",
            NaN,
            NaN,
            false
        ],
        [
            -0.15714426338672638,
            1.2257716655731201,
            5.896721363067627,
            "C",
            NaN,
            NaN,
            false
        ],
        [
            7.345317363739014,
            4.184571743011475,
            3.3766026496887207,
            "C",
            NaN,
            NaN,
            false
        ],
        [
            -0.6024889349937439,
            0.2190103828907013,
            6.772771835327148,
            "C",
            NaN,
            NaN,
            false
        ],
        [
            7.790661811828613,
            3.1778104305267334,
            2.500551700592041,
            "C",
            NaN,
            NaN,
            false
        ],
        [
            -0.2987886965274811,
            0.27848225831985474,
            8.12352466583252,
            "C",
            NaN,
            NaN,
            false
        ],
        [
            7.486961841583252,
            3.2372822761535645,
            1.1497994661331177,
            "C",
            NaN,
            NaN,
            false
        ],
        [
            1.699576735496521,
            0.4325173795223236,
            1.7395827770233154,
            "C",
            NaN,
            NaN,
            false
        ],
        [
            5.488596439361572,
            3.391317367553711,
            7.533740997314453,
            "C",
            NaN,
            NaN,
            false
        ],
        [
            2.0727272033691406,
            0.5488573908805847,
            3.0699338912963867,
            "C",
            NaN,
            NaN,
            false
        ],
        [
            5.115446090698242,
            3.507657289505005,
            6.203390121459961,
            "C",
            NaN,
            NaN,
            false
        ],
        [
            2.785013437271118,
            1.6801249980926514,
            3.5159807205200195,
            "C",
            NaN,
            NaN,
            false
        ],
        [
            4.4031596183776855,
            4.638925075531006,
            5.757343292236328,
            "C",
            NaN,
            NaN,
            false
        ],
        [
            3.1170451641082764,
            2.6766488552093506,
            2.6166536808013916,
            "C",
            NaN,
            NaN,
            false
        ],
        [
            4.071127891540527,
            5.635448932647705,
            6.656670093536377,
            "C",
            NaN,
            NaN,
            false
        ],
        [
            3.1443755626678467,
            3.5946462154388428,
            0.3281829357147217,
            "C",
            NaN,
            NaN,
            false
        ],
        [
            4.043797492980957,
            0.6358461380004883,
            8.945140838623047,
            "C",
            NaN,
            NaN,
            false
        ],
        [
            0.922364354133606,
            3.083543062210083,
            5.729337692260742,
            "H",
            NaN,
            NaN,
            false
        ],
        [
            6.265808582305908,
            0.1247430071234703,
            3.5439860820770264,
            "H",
            NaN,
            NaN,
            false
        ],
        [
            1.936813473701477,
            4.2678914070129395,
            7.578067302703857,
            "H",
            NaN,
            NaN,
            false
        ],
        [
            5.251359462738037,
            1.3090914487838745,
            1.6952563524246216,
            "H",
            NaN,
            NaN,
            false
        ],
        [
            -0.387927383184433,
            1.1656488180160522,
            4.833998203277588,
            "H",
            NaN,
            NaN,
            false
        ],
        [
            7.5761003494262695,
            4.124448776245117,
            4.43932580947876,
            "H",
            NaN,
            NaN,
            false
        ],
        [
            7.217785358428955,
            5.301755428314209,
            6.395718574523926,
            "H",
            NaN,
            NaN,
            false
        ],
        [
            -0.02961248904466629,
            2.3429553508758545,
            2.8776051998138428,
            "H",
            NaN,
            NaN,
            false
        ],
        [
            -0.6537379622459412,
            5.400638580322266,
            8.773399353027344,
            "H",
            NaN,
            NaN,
            false
        ],
        [
            7.8419108390808105,
            2.441838502883911,
            0.499924898147583,
            "H",
            NaN,
            NaN,
            false
        ],
        [
            1.1437559127807617,
            5.46697473526001,
            1.4304101467132568,
            "H",
            NaN,
            NaN,
            false
        ],
        [
            6.044417381286621,
            2.5081746578216553,
            7.842913627624512,
            "H",
            NaN,
            NaN,
            false
        ],
        [
            1.7966831922531128,
            5.680718421936035,
            3.773871898651123,
            "H",
            NaN,
            NaN,
            false
        ],
        [
