{
    "properties": {
        "lattice_vector_a": [
            10.91,
            0.0,
            0.0
        ],
        "lattice_vector_b": [
            0.0,
            5.1627,
            0.0
        ],
        "lattice_vector_c": [
            -0.4580835789049498,
            0.0,
            15.999443597661065
        ]
    },
    "struct_id": "PHNAPH01",
    "input_ref": null,
    "geometry": [
        [
            5.569547176361084,
            2.7290031909942627,
            15.661535263061523,
            "C",
            NaN,
            NaN,
            false
        ],
        [
            4.882369041442871,
            2.433696746826172,
            0.33790823817253113,
            "C",
            NaN,
            NaN,
            false
        ],
        [
            10.108327865600586,
            0.1476532220840454,
            8.337630271911621,
            "C",
            NaN,
            NaN,
            false
        ],
        [
            0.3435889482498169,
            5.0150465965271,
            7.661813735961914,
            "C",
            NaN,
            NaN,
            false
        ],
        [
            4.8372039794921875,
            1.4073519706726074,
            1.3057146072387695,
            "C",
            NaN,
            NaN,
            false
        ],
        [
            5.614712715148926,
            3.755347967147827,
            14.693729400634766,
            "C",
            NaN,
            NaN,
            false
        ],
        [
            0.38875439763069153,
            3.9887020587921143,
            6.694007396697998,
            "C",
            NaN,
            NaN,
            false
        ],
        [
            10.063161849975586,
            1.1739979982376099,
            9.305436134338379,
            "C",
            NaN,
            NaN,
            false
        ],
        [
            6.020866394042969,
            0.7093549966812134,
            1.5749852657318115,
            "C",
            NaN,
            NaN,
            false
        ],
        [
            4.4310503005981445,
            4.453344821929932,
            14.424458503723145,
            "C",
            NaN,
            NaN,
            false
        ],
        [
            10.115092277526855,
            3.2907049655914307,
            6.424736499786377,
            "C",
            NaN,
            NaN,
            false
        ],
        [
            0.3368244767189026,
            1.871994972229004,
            9.57470703125,
            "C",
            NaN,
            NaN,
            false
        ],
        [
            6.091901779174805,
            4.833319664001465,
            2.5615108013153076,
            "C",
            NaN,
            NaN,
            false
        ],
        [
            4.36001443862915,
            0.3293802738189697,
            13.437932968139648,
            "C",
            NaN,
            NaN,
            false
        ],
        [
            10.044055938720703,
            2.251969814300537,
            5.438210964202881,
            "C",
            NaN,
            NaN,
            false
        ],
        [
            0.40786004066467285,
            2.9107303619384766,
            10.561232566833496,
            "C",
            NaN,
            NaN,
            false
        ],
        [
            5.326414585113525,
            4.613388538360596,
            3.0430941581726074,
            "H",
            NaN,
            NaN,
            false
        ],
        [
            5.125502109527588,
            0.5493112802505493,
            12.95634937286377,
            "H",
            NaN,
            NaN,
            false
        ],
        [
            -0.10045628994703293,
            2.032038688659668,
            4.95662784576416,
            "H",
            NaN,
            NaN,
            false
        ],
        [
            10.552372932434082,
            3.1306612491607666,
            11.042816162109375,
            "H",
            NaN,
            NaN,
            false
        ],
        [
            7.238987922668457,
            4.166815280914307,
            2.812702178955078,
            "C",
            NaN,
            NaN,
            false
        ],
        [
            3.212928533554077,
            0.9958848357200623,
            13.186741828918457,
            "C",
            NaN,
            NaN,
            false
        ],
        [
            8.896970748901367,
            1.5854651927947998,
            5.1870198249816895,
            "C",
            NaN,
            NaN,
            false
        ],
        [
            1.5549460649490356,
            3.5772347450256348,
            10.812423706054688,
            "C",
            NaN,
            NaN,
            false
        ],
        [
            7.253981590270996,
            3.509603500366211,
            3.4702792167663574,
            "H",
            NaN,
            NaN,
            false
        ],
        [
            3.197934865951538,
            1.6530965566635132,
            12.52916431427002,
            "H",
            NaN,
            NaN,
            false
        ],
        [
            8.881976127624512,
            0.9282534718513489,
            4.529442310333252,
            "H",
            NaN,
            NaN,
            false
        ],
        [
            1.5699398517608643,
            4.2344465255737305,
            11.470001220703125,
            "H",
            NaN,
            NaN,
            false
        ],
        [
            8.411788940429688,
            4.455410003662109,
            2.0895273685455322,
            "C",
            NaN,
            NaN,
            false
        ],
        [
            2.0401270389556885,
            0.7072898745536804,
            13.909915924072266,
            "C",
            NaN,
            NaN,
            false
        ],
        [
            7.72416877746582,
            1.8740601539611816,
            5.910194396972656,
            "C",
            NaN,
            NaN,
            false
        ],
        [
            2.7277474403381348,
            3.288639783859253,
            10.089248657226562,
            "C",
            NaN,
            NaN,
            false
        ],
        [
            9.192224502563477,
            3.9819905757904053,
            2.2671210765838623,
            "H",
            NaN,
            NaN,
            false
        ],
        [
            1.259691834449768,
            1.1807094812393188,
            13.732322692871094,
            "H",
            NaN,
            NaN,
            false
        ],
        [
            6.9437336921691895,
            1.4006404876708984,
            5.732600688934326,
            "H",
            NaN,
            NaN,
            false
        ],
        [
            3.5081827640533447,
            3.762059450149536,
            10.26684284210205,
            "H",
            NaN,
            NaN,
            false
        ],
        [
            8.410587310791016,
            0.2529723048210144,
            1.1407603025436401,
            "C",
            NaN,
            NaN,
            false
        ],
        [
            2.0413286685943604,
            4.909727573394775,
            14.858683586120605,
            "C",
            NaN,
            NaN,
            false
        ],
        [
            7.725370407104492,
            2.834322214126587,
            6.858961582183838,
            "C",
            NaN,
            NaN,
            false
        ],
        [
            2.726545810699463,
            2.3283777236938477,
            9.140481948852539,
            "C",
            NaN,
            NaN,
            false
        ],
        [
            9.193302154541016,
            0.4202437698841095,
            0.6671767830848694,
            "H",
            NaN,
            NaN,
            false
        ],
        [
