{
    "properties": {
        "lattice_vector_a": [
            7.1709,
            0.0,
            0.0
        ],
        "lattice_vector_b": [
            0.0,
            8.5496,
            0.0
        ],
        "lattice_vector_c": [
            -0.7081181911403421,
            0.0,
            16.78316812277635
        ]
    },
    "struct_id": "POBPIG06",
    "input_ref": null,
    "geometry": [
        [
            1.5650620460510254,
            4.1508307456970215,
            1.2318845987319946,
            "C",
            NaN,
            NaN,
            false
        ],
        [
            4.897719860076904,
            4.398769378662109,
            15.551283836364746,
            "C",
            NaN,
            NaN,
            false
        ],
        [
            1.312269687652588,
            8.425630569458008,
            15.551283836364746,
            "C",
            NaN,
            NaN,
            false
        ],
        [
            5.150512218475342,
            0.1239691972732544,
            1.2318845987319946,
            "C",
            NaN,
            NaN,
            false
        ],
        [
            2.7128517627716064,
            4.79632568359375,
            1.6632119417190552,
            "C",
            NaN,
            NaN,
            false
        ],
        [
            3.7499301433563232,
            3.753274440765381,
            15.119956016540527,
            "C",
            NaN,
            NaN,
            false
        ],
        [
            0.1644800305366516,
            0.5215256214141846,
            15.119956016540527,
            "C",
            NaN,
            NaN,
            false
        ],
        [
            6.298301696777344,
            8.028074264526367,
            1.6632119417190552,
            "C",
            NaN,
            NaN,
            false
        ],
        [
            0.5732356309890747,
            3.7908926010131836,
            2.1348190307617188,
            "C",
            NaN,
            NaN,
            false
        ],
        [
            5.8895463943481445,
            4.758707523345947,
            14.648348808288574,
            "C",
            NaN,
            NaN,
            false
        ],
        [
            2.304096221923828,
            8.065692901611328,
            14.648348808288574,
            "C",
            NaN,
            NaN,
            false
        ],
        [
            4.158685684204102,
            0.4839073717594147,
            2.1348190307617188,
            "C",
            NaN,
            NaN,
            false
        ],
        [
            2.89456844329834,
            5.086156845092773,
            3.0159354209899902,
            "C",
            NaN,
            NaN,
            false
        ],
        [
            3.56821346282959,
            3.4634430408477783,
            13.767232894897461,
            "C",
            NaN,
            NaN,
            false
        ],
        [
            -0.017236612737178802,
            0.8113570213317871,
            13.767232894897461,
            "C",
            NaN,
            NaN,
            false
        ],
        [
            6.480018615722656,
            7.738243103027344,
            3.0159354209899902,
            "C",
            NaN,
            NaN,
            false
        ],
        [
            0.7326285243034363,
            4.067899703979492,
            3.4727730751037598,
            "C",
            NaN,
            NaN,
            false
        ],
        [
            5.7301530838012695,
            4.481700420379639,
            13.310395240783691,
            "C",
            NaN,
            NaN,
            false
        ],
        [
            2.1447033882141113,
            8.342700004577637,
            13.310395240783691,
            "C",
            NaN,
            NaN,
            false
        ],
        [
            4.318078517913818,
            0.20690031349658966,
            3.4727730751037598,
            "C",
            NaN,
            NaN,
            false
        ],
        [
            1.9234668016433716,
            4.713394641876221,
            3.9205479621887207,
            "C",
            NaN,
            NaN,
            false
        ],
        [
            4.539315223693848,
            3.83620548248291,
            12.86262035369873,
            "C",
            NaN,
            NaN,
            false
        ],
        [
            0.9538650512695312,
            0.4385944902896881,
            12.86262035369873,
            "C",
            NaN,
            NaN,
            false
        ],
        [
            5.508916854858398,
            8.111005783081055,
            3.9205479621887207,
            "C",
            NaN,
            NaN,
            false
        ],
        [
            -0.12081180512905121,
            3.8370604515075684,
            4.64793062210083,
            "C",
            NaN,
            NaN,
            false
        ],
        [
            6.583593845367432,
            4.7125396728515625,
            12.135237693786621,
            "C",
            NaN,
            NaN,
            false
        ],
        [
            2.9981436729431152,
            8.111860275268555,
            12.135237693786621,
            "C",
            NaN,
            NaN,
            false
        ],
        [
            3.4646382331848145,
            0.4377395212650299,
            4.64793062210083,
            "C",
            NaN,
            NaN,
            false
        ],
        [
            1.8372882604599,
            4.870707035064697,
            5.3852152824401855,
            "C",
            NaN,
            NaN,
            false
        ],
        [
            4.62549352645874,
            3.6788928508758545,
            11.397953033447266,
            "C",
            NaN,
            NaN,
            false
        ],
        [
            1.040043592453003,
            0.5959070920944214,
            11.397953033447266,
            "C",
            NaN,
            NaN,
            false
        ],
        [
            5.422738075256348,
            7.95369291305542,
            5.3852152824401855,
            "C",
            NaN,
            NaN,
            false
        ],
        [
            5.816328525543213,
            3.2847564220428467,
            4.877524375915527,
            "C",
            NaN,
            NaN,
            false
        ],
        [
            0.646453320980072,
            5.264843463897705,
            11.905643463134766,
            "C",
            NaN,
            NaN,
            false
        ],
        [
            4.231903076171875,
            7.559556484222412,
            11.905643463134766,
            "C",
            NaN,
            NaN,
            false
        ],
        [
            2.2308785915374756,
            0.9900436997413635,
            4.877524375915527,
            "C",
            NaN,
            NaN,
            false
        ],
        [
            0.5924686789512634,
            4.32609748840332,
            5.757969379425049,
            "C",
            NaN,
            NaN,
            false
        ],
        [
            5.8703131675720215,
            4.2235026359558105,
            11.025198936462402,
            "C",
            NaN,
            NaN,
            false
        ],
        [
            2.284863233566284,
            0.05129760131239891,
            11.025198936462402,
            "C",
            NaN,
            NaN,
            false
        ],
        [
            4.177918434143066,
            8.498302459716797,
            5.757969379425049,
            "C",
            NaN,
            NaN,
            false
        ],
        [
            2.6355209350585938,
            5.382828235626221,
            6.385324001312256,
            "C",
            NaN,
            NaN,
            false
        ],
        [
