{
    "properties": {
        "lattice_vector_a": [
            6.9803,
            0.0,
            0.0
        ],
        "lattice_vector_b": [
            -0.9602800849095626,
            8.345534285983497,
            0.0
        ],
        "lattice_vector_c": [
            -3.128064553757229,
            -0.6955731742133333,
            11.394269954536025
        ]
    },
    "struct_id": "QQQCIG14",
    "input_ref": null,
    "geometry": [
        [
            1.7349510192871094,
            0.11264702677726746,
            7.460512161254883,
            "C",
            NaN,
            NaN,
            false
        ],
        [
            1.1569974422454834,
            7.537313938140869,
            3.933757781982422,
            "C",
            NaN,
            NaN,
            false
        ],
        [
            -1.0434364080429077,
            1.9595534801483154,
            5.678676128387451,
            "C",
            NaN,
            NaN,
            false
        ],
        [
            3.9353978633880615,
            5.690415859222412,
            5.7155938148498535,
            "C",
            NaN,
            NaN,
            false
        ],
        [
            1.7126377820968628,
            1.1520658731460571,
            8.387550354003906,
            "C",
            NaN,
            NaN,
            false
        ],
        [
            1.1793185472488403,
            6.497887134552002,
            3.0067200660705566,
            "C",
            NaN,
            NaN,
            false
        ],
        [
            0.18311692774295807,
            -0.10719693452119827,
            9.758964538574219,
            "C",
            NaN,
            NaN,
            false
        ],
        [
            2.708831548690796,
            7.757158279418945,
            1.635305643081665,
            "C",
            NaN,
            NaN,
            false
        ],
        [
            -0.24014320969581604,
            6.473581790924072,
            0.06916321814060211,
            "C",
            NaN,
            NaN,
            false
        ],
        [
            3.132091522216797,
            1.1763795614242554,
            11.325106620788574,
            "C",
            NaN,
            NaN,
            false
        ],
        [
            3.7071871757507324,
            4.275758743286133,
            9.110174179077148,
            "C",
            NaN,
            NaN,
            false
        ],
        [
            -0.8152388334274292,
            3.374202251434326,
            2.284095287322998,
            "C",
            NaN,
            NaN,
            false
        ],
        [
            -0.7620589137077332,
            7.197853088378906,
            8.828736305236816,
            "C",
            NaN,
            NaN,
            false
        ],
        [
            3.6540071964263916,
            0.4521080255508423,
            2.5655338764190674,
            "C",
            NaN,
            NaN,
            false
        ],
        [
            0.012562151998281479,
            7.307309150695801,
            7.672787666320801,
            "C",
            NaN,
            NaN,
            false
        ],
        [
            2.8794002532958984,
            0.34265193343162537,
            3.721482515335083,
            "C",
            NaN,
            NaN,
            false
        ],
        [
            -0.34441229701042175,
            3.4860305786132812,
            7.4189229011535645,
            "C",
            NaN,
            NaN,
            false
        ],
        [
            3.236367702484131,
            4.163930416107178,
            3.975346803665161,
            "C",
            NaN,
            NaN,
            false
        ],
        [
            2.6601521968841553,
            5.126437664031982,
            9.340909004211426,
            "C",
            NaN,
            NaN,
            false
        ],
        [
            0.2317962944507599,
            2.5235233306884766,
            2.053361415863037,
            "C",
            NaN,
            NaN,
            false
        ],
        [
            -1.7439228296279907,
            1.6073827743530273,
            7.9723429679870605,
            "C",
            NaN,
            NaN,
            false
        ],
        [
            4.635878086090088,
            6.042578220367432,
            3.4219272136688232,
            "C",
            NaN,
            NaN,
            false
        ],
        [
            2.6057586669921875,
            5.8835344314575195,
            10.540155410766602,
            "C",
            NaN,
            NaN,
            false
        ],
        [
            0.2862016260623932,
            1.7664436101913452,
            0.8541144728660583,
            "C",
            NaN,
            NaN,
            false
        ],
        [
            -2.2164556980133057,
            4.101772785186768,
            10.062735557556152,
            "C",
            NaN,
            NaN,
            false
        ],
        [
            5.1084113121032715,
            3.5481882095336914,
            1.3315343856811523,
            "C",
            NaN,
            NaN,
            false
        ],
        [
            -1.1151717901229858,
            3.266130208969116,
            9.792121887207031,
            "C",
            NaN,
            NaN,
            false
        ],
        [
            4.007127285003662,
            4.383831024169922,
            1.6021482944488525,
            "C",
            NaN,
            NaN,
            false
        ],
        [
            -0.09927302598953247,
            3.072693347930908,
            10.776358604431152,
            "C",
            NaN,
            NaN,
            false
        ],
        [
            2.991220474243164,
            4.577276229858398,
            0.6179112792015076,
            "C",
            NaN,
            NaN,
            false
        ],
        [
            0.9279823899269104,
            1.0632107257843018,
            9.545207977294922,
            "C",
            NaN,
            NaN,
            false
        ],
        [
            1.9639660120010376,
            6.586750507354736,
            1.8490620851516724,
            "C",
            NaN,
            NaN,
            false
        ],
        [
            -1.0344611406326294,
            2.7426564693450928,
            8.388803482055664,
            "C",
            NaN,
            NaN,
            false
        ],
        [
            3.926424503326416,
            4.907296180725098,
            3.0054666996002197,
            "C",
            NaN,
            NaN,
            false
        ],
        [
            -2.2594385147094727,
            4.887514114379883,
            11.275199890136719,
            "C",
            NaN,
            NaN,
            false
        ],
        [
            5.151386737823486,
            2.7624471187591553,
            0.11907012015581131,
            "C",
            NaN,
            NaN,
            false
        ],
        [
            0.9532488584518433,
            2.1250791549682617,
            10.599519729614258,
            "C",
            NaN,
            NaN,
            false
        ],
        [
            1.9387065172195435,
            5.524881839752197,
            0.7947503328323364,
            "C",
            NaN,
            NaN,
            false
        ],
        [
            -1.7425981760025024,
            1.217562198638916,
            6.633971691131592,
            "C",
            NaN,
            NaN,
            false
        ],
        [
            4.6345534324646,
            6.432398796081543,
            4.760298252105713,
            "C",
            NaN,
            NaN,
            false
        ],
        [
            -0.3429763913154602,
            3.098950147628784,
            6.07804536819458,
            "C",
            NaN,
