{
    "properties": {
        "lattice_vector_a": [
            3.8421,
            0.0,
            0.0
        ],
        "lattice_vector_b": [
            0.0,
            10.6899,
            0.0
        ],
        "lattice_vector_c": [
            0.0,
            0.0,
            19.7066
        ]
    },
    "struct_id": "TBZPYR",
    "input_ref": null,
    "geometry": [
        [
            0.6310649514198303,
            1.760198950767517,
            9.15292739868164,
            "C",
            NaN,
            NaN,
            false
        ],
        [
            3.2110350131988525,
            7.105148792266846,
            0.700372576713562,
            "C",
            NaN,
            NaN,
            false
        ],
        [
            3.2110350131988525,
            7.105148792266846,
            19.006227493286133,
            "C",
            NaN,
            NaN,
            false
        ],
        [
            0.6310649514198303,
            1.760198950767517,
            10.553672790527344,
            "C",
            NaN,
            NaN,
            false
        ],
        [
            0.640017032623291,
            2.963881731033325,
            8.47147274017334,
            "C",
            NaN,
            NaN,
            false
        ],
        [
            3.202082872390747,
            8.308831214904785,
            1.3818267583847046,
            "C",
            NaN,
            NaN,
            false
        ],
        [
            3.202082872390747,
            8.308831214904785,
            18.32477378845215,
            "C",
            NaN,
            NaN,
            false
        ],
        [
            0.640017032623291,
            2.963881731033325,
            11.235126495361328,
            "C",
            NaN,
            NaN,
            false
        ],
        [
            0.690194845199585,
            4.214385986328125,
            9.135979652404785,
            "C",
            NaN,
            NaN,
            false
        ],
        [
            3.151905059814453,
            9.559335708618164,
            0.7173202633857727,
            "C",
            NaN,
            NaN,
            false
        ],
        [
            3.151905059814453,
            9.559335708618164,
            18.989280700683594,
            "C",
            NaN,
            NaN,
            false
        ],
        [
            0.690194845199585,
            4.214385986328125,
            10.5706205368042,
            "C",
            NaN,
            NaN,
            false
        ],
        [
            0.582923412322998,
            5.471518516540527,
            8.411170959472656,
            "C",
            NaN,
            NaN,
            false
        ],
        [
            3.25917649269104,
            0.12656842172145844,
            1.4421290159225464,
            "C",
            NaN,
            NaN,
            false
        ],
        [
            3.25917649269104,
            0.12656842172145844,
            18.26447105407715,
            "C",
            NaN,
            NaN,
            false
        ],
        [
            0.582923412322998,
            5.471518516540527,
            11.295429229736328,
            "C",
            NaN,
            NaN,
            false
        ],
        [
            0.09436197578907013,
            6.5851922035217285,
            9.135388374328613,
            "C",
            NaN,
            NaN,
            false
        ],
        [
            3.7477381229400635,
            1.2402422428131104,
            0.717911422252655,
            "C",
            NaN,
            NaN,
            false
        ],
        [
            3.7477381229400635,
            1.2402422428131104,
            18.988689422607422,
            "C",
            NaN,
            NaN,
            false
        ],
        [
            0.09436197578907013,
            6.5851922035217285,
            10.571211814880371,
            "C",
            NaN,
            NaN,
            false
        ],
        [
            3.473719358444214,
            7.758301734924316,
            8.438563346862793,
            "C",
            NaN,
            NaN,
            false
        ],
        [
            0.3683805465698242,
            2.4133517742156982,
            1.4147368669509888,
            "C",
            NaN,
            NaN,
            false
        ],
        [
            0.3683805465698242,
            2.4133517742156982,
            18.29186248779297,
            "C",
            NaN,
            NaN,
            false
        ],
        [
            3.473719358444214,
            7.758301734924316,
            11.268036842346191,
            "C",
            NaN,
            NaN,
            false
        ],
        [
            2.8908729553222656,
            8.846747398376465,
            9.175589561462402,
            "C",
            NaN,
            NaN,
            false
        ],
        [
            0.9512271285057068,
            3.5017974376678467,
            0.6777099967002869,
            "C",
            NaN,
            NaN,
            false
        ],
        [
            0.9512271285057068,
            3.5017974376678467,
            19.02889060974121,
            "C",
            NaN,
            NaN,
            false
        ],
        [
            2.8908729553222656,
            8.846747398376465,
            10.531009674072266,
            "C",
            NaN,
            NaN,
            false
        ],
        [
            3.5831809043884277,
            7.818913459777832,
            7.061860084533691,
            "C",
            NaN,
            NaN,
            false
        ],
        [
            0.2589191198348999,
            2.473963499069214,
            2.7914397716522217,
            "C",
            NaN,
            NaN,
            false
        ],
        [
            0.2589191198348999,
            2.473963499069214,
            16.915159225463867,
            "C",
            NaN,
            NaN,
            false
        ],
        [
            3.5831809043884277,
            7.818913459777832,
            12.644740104675293,
            "C",
            NaN,
            NaN,
            false
        ],
        [
            0.3959668278694153,
            6.809466361999512,
            6.333307266235352,
            "C",
            NaN,
            NaN,
            false
        ],
        [
            3.4461331367492676,
            1.464516282081604,
            3.5199928283691406,
            "C",
            NaN,
            NaN,
            false
        ],
        [
            3.4461331367492676,
            1.464516282081604,
            16.186607360839844,
            "C",
            NaN,
            NaN,
            false
        ],
        [
            0.3959668278694153,
            6.809466361999512,
            13.373292922973633,
            "C",
            NaN,
            NaN,
            false
        ],
        [
            0.8653177618980408,
            5.62930154800415,
            7.004711151123047,
            "C",
            NaN,
            NaN,
            false
        ],
        [
            2.9767823219299316,
            0.2843513488769531,
            2.8485889434814453,
            "C",
            NaN,
            NaN,
            false
        ],
        [
            2.9767823219299316,
            0.2843513488769531,
            16.85801124572754,
            "C",
            NaN,
            NaN,
            false
        ],
        [
            0.8653177618980408,
            5.62930154800415,
            12.701889038085938,
            "C",
            NaN,
            NaN,
            false
        ],
        [
            0.6017497181892395,
            6.965645790100098,
            4.938276767730713,
            "C",
            NaN,
            NaN,
            false
        ],
        [
            3.2403502464294434,
