{
    "properties": {
        "lattice_vector_a": [
            6.0238,
            0.0,
            0.0
        ],
        "lattice_vector_b": [
            0.5493898845014681,
            7.7064418997879605,
            0.0
        ],
        "lattice_vector_c": [
            4.034633537284457,
            2.572021215558061,
            12.129061661008189
        ]
    },
    "struct_id": "TETCEN01",
    "input_ref": null,
    "geometry": [
        [
            9.456027030944824,
            6.2895827293396,
            10.476476669311523,
            "C",
            NaN,
            NaN,
            false
        ],
        [
            1.1517962217330933,
            3.9888803958892822,
            1.6525846719741821,
            "C",
            NaN,
            NaN,
            false
        ],
        [
            4.362830638885498,
            6.868261814117432,
            9.611189842224121,
            "C",
            NaN,
            NaN,
            false
        ],
        [
            6.244993209838867,
            3.41020131111145,
            2.517871856689453,
            "C",
            NaN,
            NaN,
            false
        ],
        [
            4.122365474700928,
            6.997974872589111,
            8.205916404724121,
            "C",
            NaN,
            NaN,
            false
        ],
        [
            6.4854583740234375,
            3.2804880142211914,
            3.923145055770874,
            "C",
            NaN,
            NaN,
            false
        ],
        [
            5.06465482711792,
            7.554854393005371,
            7.377016544342041,
            "C",
            NaN,
            NaN,
            false
        ],
        [
            5.543168544769287,
            2.7236084938049316,
            4.752045154571533,
            "C",
            NaN,
            NaN,
            false
        ],
        [
            6.3047261238098145,
            8.02801513671875,
            7.904266834259033,
            "C",
            NaN,
            NaN,
            false
        ],
        [
            4.303097248077393,
            2.2504477500915527,
            4.224794864654541,
            "C",
            NaN,
            NaN,
            false
        ],
        [
            6.570975303649902,
            7.93214225769043,
            9.245984077453613,
            "C",
            NaN,
            NaN,
            false
        ],
        [
            4.036848068237305,
            2.346320629119873,
            2.88307785987854,
            "C",
            NaN,
            NaN,
            false
        ],
        [
            5.622525691986084,
            7.353600978851318,
            10.14571762084961,
            "C",
            NaN,
            NaN,
            false
        ],
        [
            4.985297679901123,
            2.9248623847961426,
            1.9833441972732544,
            "C",
            NaN,
            NaN,
            false
        ],
        [
            5.875226974487305,
            7.247793674468994,
            11.514724731445312,
            "C",
            NaN,
            NaN,
            false
        ],
        [
            4.7325968742370605,
            3.0306694507598877,
            0.6143369674682617,
            "C",
            NaN,
            NaN,
            false
        ],
        [
            9.703757286071777,
            6.178102493286133,
            11.860888481140137,
            "C",
            NaN,
            NaN,
            false
        ],
        [
            0.904065728187561,
            4.10036039352417,
            0.26817354559898376,
            "C",
            NaN,
            NaN,
            false
        ],
        [
            8.514485359191895,
            5.913351058959961,
            10.07597541809082,
            "H",
            NaN,
            NaN,
            false
        ],
        [
            2.0933384895324707,
            4.365111827850342,
            2.053086280822754,
            "H",
            NaN,
            NaN,
            false
        ],
        [
            3.1689112186431885,
            6.645172595977783,
            7.811964511871338,
            "H",
            NaN,
            NaN,
            false
        ],
        [
            7.438912391662598,
            3.6332902908325195,
            4.317096710205078,
            "H",
            NaN,
            NaN,
            false
        ],
        [
            4.863901138305664,
            7.645045757293701,
            6.30905294418335,
            "H",
            NaN,
            NaN,
            false
        ],
        [
            5.743922233581543,
            2.6334173679351807,
            5.820008754730225,
            "H",
            NaN,
            NaN,
            false
        ],
        [
            7.043204307556152,
            8.47704792022705,
            7.238745212554932,
            "H",
            NaN,
            NaN,
            false
        ],
        [
            3.564619302749634,
            1.801415205001831,
            4.890316486358643,
            "H",
            NaN,
            NaN,
            false
        ],
        [
            7.514068126678467,
            8.296814918518066,
            9.649032592773438,
            "H",
            NaN,
            NaN,
            false
        ],
        [
            3.0937552452087402,
            1.9816480875015259,
            2.480029344558716,
            "H",
            NaN,
            NaN,
            false
        ],
        [
            6.819746494293213,
            7.6177568435668945,
            11.912921905517578,
            "H",
            NaN,
            NaN,
            false
        ],
        [
            3.788076639175415,
            2.6607062816619873,
            0.21613988280296326,
            "H",
            NaN,
            NaN,
            false
        ],
        [
            6.089702606201172,
            3.565303087234497,
            10.861089706420898,
            "C",
            NaN,
            NaN,
            false
        ],
        [
            4.518120765686035,
            6.713160037994385,
            1.2679721117019653,
            "C",
            NaN,
            NaN,
            false
        ],
        [
            6.973953723907471,
            3.5748050212860107,
            9.782209396362305,
            "C",
            NaN,
            NaN,
            false
        ],
        [
            3.6338698863983154,
            6.703658103942871,
            2.3468520641326904,
            "C",
            NaN,
            NaN,
            false
        ],
        [
            6.652095794677734,
            4.21986722946167,
            8.547471046447754,
            "C",
            NaN,
            NaN,
            false
        ],
        [
            3.9557278156280518,
            6.058595657348633,
            3.5815906524658203,
            "C",
            NaN,
            NaN,
            false
        ],
        [
            7.535121440887451,
            4.202790260314941,
            7.499156475067139,
            "C",
            NaN,
            NaN,
            false
        ],
        [
            3.072702169418335,
            6.0756731033325195,
            4.6299052238464355,
            "C",
            NaN,
            NaN,
            false
        ],
        [
            2.770693778991699,
            3.5407094955444336,
            7.61680793762207,
            "C",
            NaN,
            NaN,
            false
        ],
        [
            7.837129592895508,
            6.737753868103027,
            4.512253284454346,
            "C",
            NaN,
            NaN,
            false
        ],
        [
            3.120192050933838,
            2.9091665744781494,
            8.78265380859375,
            "C",
            NaN,
            NaN,
            false
        ],
        [
