{
    "properties": {
        "lattice_vector_a": [
            11.6355,
            0.0,
            0.0
        ],
        "lattice_vector_b": [
            0.0,
            5.0756,
            0.0
        ],
        "lattice_vector_c": [
            -0.0227259734612801,
            0.0,
            15.519683360820549
        ]
    },
    "struct_id": "YUNYAJ",
    "input_ref": null,
    "geometry": [
        [
            10.139561653137207,
            3.3056368827819824,
            14.356017112731934,
            "C",
            NaN,
            NaN,
            false
        ],
        [
            1.4618489742279053,
            0.7678367495536804,
            8.923507690429688,
            "C",
            NaN,
            NaN,
            false
        ],
        [
            1.4732120037078857,
            1.769963264465332,
            1.1636658906936646,
            "C",
            NaN,
            NaN,
            false
        ],
        [
            10.150924682617188,
            4.30776309967041,
            6.596175670623779,
            "C",
            NaN,
            NaN,
            false
        ],
        [
            9.066154479980469,
            2.509528875350952,
            13.90160083770752,
            "C",
            NaN,
            NaN,
            false
        ],
        [
            2.5352566242218018,
            5.047328948974609,
            9.377923965454102,
            "C",
            NaN,
            NaN,
            false
        ],
        [
            2.5466196537017822,
            2.566071033477783,
            1.6180821657180786,
            "C",
            NaN,
            NaN,
            false
        ],
        [
            9.07751750946045,
            0.028271092101931572,
            6.141759395599365,
            "C",
            NaN,
            NaN,
            false
        ],
        [
            9.228045463562012,
            1.7333173751831055,
            13.158207893371582,
            "H",
            NaN,
            NaN,
            false
        ],
        [
            2.3733654022216797,
            4.271117210388184,
            10.121316909790039,
            "H",
            NaN,
            NaN,
            false
        ],
        [
            2.38472843170166,
            3.34228253364563,
            2.3614749908447266,
            "H",
            NaN,
            NaN,
            false
        ],
        [
            9.239408493041992,
            0.8044825792312622,
            5.398366451263428,
            "H",
            NaN,
            NaN,
            false
        ],
        [
            7.785187244415283,
            2.70143723487854,
            14.388764381408691,
            "C",
            NaN,
            NaN,
            false
        ],
        [
            3.8162240982055664,
            0.16363734006881714,
            8.890761375427246,
            "C",
            NaN,
            NaN,
            false
        ],
        [
            3.8275868892669678,
            2.3741626739501953,
            1.130919337272644,
            "C",
            NaN,
            NaN,
            false
        ],
        [
            7.7965497970581055,
            4.911962509155273,
            6.628922462463379,
            "C",
            NaN,
            NaN,
            false
        ],
        [
            6.969272613525391,
            2.0838890075683594,
            14.01396369934082,
            "H",
            NaN,
            NaN,
            false
        ],
        [
            4.632138252258301,
            4.621689319610596,
            9.2655611038208,
            "H",
            NaN,
            NaN,
            false
        ],
        [
            4.643501281738281,
            2.991710901260376,
            1.5057196617126465,
            "H",
            NaN,
            NaN,
            false
        ],
        [
            6.980635643005371,
            0.4539109170436859,
            6.254121780395508,
            "H",
            NaN,
            NaN,
            false
        ],
        [
            7.537442684173584,
            3.6722981929779053,
            15.358899116516113,
            "C",
            NaN,
            NaN,
            false
        ],
        [
            4.063968181610107,
            1.134498119354248,
            7.920625686645508,
            "C",
            NaN,
            NaN,
            false
        ],
        [
            4.075331211090088,
            1.4033018350601196,
            0.16078391671180725,
            "C",
            NaN,
            NaN,
            false
        ],
        [
            7.5488057136535645,
            3.9411017894744873,
            7.599057674407959,
            "C",
            NaN,
            NaN,
            false
        ],
        [
            6.544776916503906,
            3.789036989212036,
            0.21044690907001495,
            "H",
            NaN,
            NaN,
            false
        ],
        [
            5.079360008239746,
            1.251236915588379,
            7.549394607543945,
            "H",
            NaN,
            NaN,
            false
        ],
        [
            5.067996978759766,
            1.2865630388259888,
            15.309236526489258,
            "H",
            NaN,
            NaN,
            false
        ],
        [
            6.533413887023926,
            3.8243629932403564,
            7.9702887535095215,
            "H",
            NaN,
            NaN,
            false
        ],
        [
            8.590228080749512,
            4.476476192474365,
            0.33770832419395447,
            "C",
            NaN,
            NaN,
            false
        ],
        [
            3.0339090824127197,
            1.938676118850708,
            7.422133445739746,
            "C",
            NaN,
            NaN,
            false
        ],
        [
            3.0225462913513184,
            0.5991238355636597,
            15.181975364685059,
            "C",
            NaN,
            NaN,
            false
        ],
        [
            8.578865051269531,
            3.1369237899780273,
            8.097550392150879,
            "C",
            NaN,
            NaN,
            false
        ],
        [
            8.348414421081543,
            0.38615164160728455,
            1.389477252960205,
            "C",
            NaN,
            NaN,
            false
        ],
        [
            3.2757225036621094,
            2.9239516258239746,
            6.370364665985107,
            "C",
            NaN,
            NaN,
            false
        ],
        [
            3.264359474182129,
            4.689448356628418,
            14.130206108093262,
            "C",
            NaN,
            NaN,
            false
        ],
        [
            8.337051391601562,
            2.1516482830047607,
            9.14931869506836,
            "C",
            NaN,
            NaN,
            false
        ],
        [
            7.102502346038818,
            0.5287759900093079,
            2.013368606567383,
            "C",
            NaN,
            NaN,
            false
        ],
        [
            4.521634578704834,
            3.0665760040283203,
            5.74647331237793,
            "C",
            NaN,
            NaN,
            false
        ],
        [
            4.5102715492248535,
            4.546823978424072,
            13.506315231323242,
            "C",
            NaN,
            NaN,
            false
        ],
        [
            7.091139793395996,
            2.009023904800415,
            9.773210525512695,
            "C",
            NaN,
            NaN,
            false
        ],
        [
            6.275507926940918,
            4.953836441040039,
            1.7361869812011719,
            "H",
            NaN,
            NaN,
            false
        ],
        [
