{
    "properties": {
        "lattice_vector_a": [
            8.3001,
            0.0,
            0.0
        ],
        "lattice_vector_b": [
            0.0,
            6.0706,
            0.0
        ],
        "lattice_vector_c": [
            0.0207003842084989,
            0.0,
            13.416784030984983
        ]
    },
    "struct_id": "ZZZOYC01",
    "input_ref": null,
    "geometry": [
        [
            5.247536659240723,
            1.2896989583969116,
            4.011752605438232,
            "C",
            NaN,
            NaN,
            false
        ],
        [
            3.073263645172119,
            4.32499885559082,
            9.405031204223633,
            "C",
            NaN,
            NaN,
            false
        ],
        [
            4.5102620124816895,
            0.22940798103809357,
            3.434830904006958,
            "C",
            NaN,
            NaN,
            false
        ],
        [
            3.8105385303497314,
            3.2647080421447754,
            9.981953620910645,
            "C",
            NaN,
            NaN,
            false
        ],
        [
            4.20788049697876,
            0.2144135981798172,
            2.0842974185943604,
            "C",
            NaN,
            NaN,
            false
        ],
        [
            4.112919807434082,
            3.249713659286499,
            11.332487106323242,
            "C",
            NaN,
            NaN,
            false
        ],
        [
            4.641257286071777,
            1.2571605443954468,
            1.241991639137268,
            "C",
            NaN,
            NaN,
            false
        ],
        [
            3.6795432567596436,
            4.2924604415893555,
            12.174792289733887,
            "C",
            NaN,
            NaN,
            false
        ],
        [
            5.354726791381836,
            2.31496262550354,
            1.7754430770874023,
            "C",
            NaN,
            NaN,
            false
        ],
        [
            2.966073513031006,
            5.350262641906738,
            11.641341209411621,
            "C",
            NaN,
            NaN,
            false
        ],
        [
            5.6577372550964355,
            2.3601884841918945,
            3.1572375297546387,
            "C",
            NaN,
            NaN,
            false
        ],
        [
            2.6630630493164062,
            5.395488739013672,
            10.259546279907227,
            "C",
            NaN,
            NaN,
            false
        ],
        [
            6.373157501220703,
            3.457510232925415,
            3.7176566123962402,
            "C",
            NaN,
            NaN,
            false
        ],
        [
            1.9476428031921387,
            0.4222102165222168,
            9.699127197265625,
            "C",
            NaN,
            NaN,
            false
        ],
        [
            6.680239200592041,
            3.500490188598633,
            5.04819917678833,
            "C",
            NaN,
            NaN,
            false
        ],
        [
            1.6405612230300903,
            0.4651900827884674,
            8.368584632873535,
            "C",
            NaN,
            NaN,
            false
        ],
        [
            6.314582347869873,
            2.4433557987213135,
            5.938671112060547,
            "C",
            NaN,
            NaN,
            false
        ],
        [
            2.0062177181243896,
            5.478655815124512,
            7.478112697601318,
            "C",
            NaN,
            NaN,
            false
        ],
        [
            5.595407009124756,
            1.331768274307251,
            5.419039249420166,
            "C",
            NaN,
            NaN,
            false
        ],
        [
            2.725393295288086,
            4.367068290710449,
            7.997745037078857,
            "C",
            NaN,
            NaN,
            false
        ],
        [
            5.2368879318237305,
            0.2854396104812622,
            6.308840274810791,
            "C",
            NaN,
            NaN,
            false
        ],
        [
            3.0839126110076904,
            3.320739507675171,
            7.107944011688232,
            "C",
            NaN,
            NaN,
            false
        ],
        [
            5.588368892669678,
            0.3130001425743103,
            7.635625839233398,
            "C",
            NaN,
            NaN,
            false
        ],
        [
            2.732431411743164,
            3.3483002185821533,
            5.781157970428467,
            "C",
            NaN,
            NaN,
            false
        ],
        [
            6.329924583435059,
            1.389560341835022,
            8.189471244812012,
            "C",
            NaN,
            NaN,
            false
        ],
        [
            1.9908759593963623,
            4.42486047744751,
            5.227313041687012,
            "C",
            NaN,
            NaN,
            false
        ],
        [
            6.684264183044434,
            2.471705436706543,
            7.334150791168213,
            "C",
            NaN,
            NaN,
            false
        ],
        [
            1.6365363597869873,
            5.50700569152832,
            6.082633018493652,
            "C",
            NaN,
            NaN,
            false
        ],
        [
            7.4250617027282715,
            3.5642313957214355,
            7.880884647369385,
            "C",
            NaN,
            NaN,
            false
        ],
        [
            0.8957388997077942,
            0.5289313793182373,
            5.5358991622924805,
            "C",
            NaN,
            NaN,
            false
        ],
        [
            7.7947001457214355,
            3.594402313232422,
            9.194656372070312,
            "C",
            NaN,
            NaN,
            false
        ],
        [
            0.5261004567146301,
            0.5591022372245789,
            4.222127914428711,
            "C",
            NaN,
            NaN,
            false
        ],
        [
            7.4575886726379395,
            2.5321080684661865,
            10.080700874328613,
            "C",
            NaN,
            NaN,
            false
        ],
        [
            0.8632115125656128,
            5.567408084869385,
            3.33608341217041,
            "C",
            NaN,
            NaN,
            false
        ],
        [
            6.720607757568359,
            1.411839485168457,
            9.586694717407227,
            "C",
            NaN,
            NaN,
            false
        ],
        [
            1.6001925468444824,
            4.447139263153076,
            3.8300893306732178,
            "C",
            NaN,
            NaN,
            false
        ],
        [
            6.4051995277404785,
            0.37376683950424194,
            10.498230934143066,
            "C",
            NaN,
            NaN,
            false
        ],
        [
            1.9156010150909424,
            3.409066915512085,
            2.918553113937378,
            "C",
            NaN,
            NaN,
            false
        ],
        [
            6.808468818664551,
            0.43447282910346985,
            11.822198867797852,
            "C",
            NaN,
            NaN,
            false
        ],
        [
            1.512331485748291,
            3.4697728157043457,
            1.5945848226547241,
            "C",
            NaN,
            NaN,
            false
        ],
        [
            7.541440486907959,
            1.5414468050003052,
            12.299702644348145,
            "C",
            NaN,
            NaN,
            false
        ],
        [
