{
    "properties": {
        "lattice_vector_a": [
            3.7699,
            0.0,
            0.0
        ],
        "lattice_vector_b": [
            2.556611613422068,
            11.995171954503837,
            0.0
        ],
        "lattice_vector_c": [
            1.6650026000695521,
            1.2276570417711026,
            19.28054101859052
        ]
    },
    "struct_id": "KAQLEV",
    "input_ref": null,
    "geometry": [
        [
            3.0108420848846436,
            7.1080427169799805,
            3.043433427810669,
            "C",
            NaN,
            NaN,
            false
        ],
        [
            4.980672359466553,
            6.114786148071289,
            16.23710823059082,
            "C",
            NaN,
            NaN,
            false
        ],
        [
            5.962675094604492,
            10.356282234191895,
            8.711141586303711,
            "C",
            NaN,
            NaN,
            false
        ],
        [
            2.028838872909546,
            2.866546392440796,
            10.5693998336792,
            "C",
            NaN,
            NaN,
            false
        ],
        [
            6.477048873901367,
            11.21440315246582,
            7.723784923553467,
            "C",
            NaN,
            NaN,
            false
        ],
        [
            1.5144654512405396,
            2.00842547416687,
            11.556756019592285,
            "C",
            NaN,
            NaN,
            false
        ],
        [
            6.618483066558838,
            12.261309623718262,
            7.988892078399658,
            "H",
            NaN,
            NaN,
            false
        ],
        [
            1.3730310201644897,
            0.961519718170166,
            11.291648864746094,
            "H",
            NaN,
            NaN,
            false
        ],
        [
            3.48576021194458,
            11.683951377868652,
            5.403757095336914,
            "C",
            NaN,
            NaN,
            false
        ],
        [
            4.505753993988037,
            1.5388778448104858,
            13.87678337097168,
            "C",
            NaN,
            NaN,
            false
        ],
        [
            6.026392936706543,
            8.552980422973633,
            7.061690807342529,
            "C",
            NaN,
            NaN,
            false
        ],
        [
            1.9651210308074951,
            4.669848918914795,
            12.218850135803223,
            "C",
            NaN,
            NaN,
            false
        ],
        [
            5.792497634887695,
            7.52387809753418,
            6.806802272796631,
            "H",
            NaN,
            NaN,
            false
        ],
        [
            2.199016571044922,
            5.69895076751709,
            12.473738670349121,
            "H",
            NaN,
            NaN,
            false
        ],
        [
            2.6009554862976074,
            8.08071231842041,
            2.0522208213806152,
            "C",
            NaN,
            NaN,
            false
        ],
        [
            5.39055871963501,
            5.142117023468018,
            17.228321075439453,
            "C",
            NaN,
            NaN,
            false
        ],
        [
            1.400831699371338,
            0.9771065711975098,
            5.722850322723389,
            "C",
            NaN,
            NaN,
            false
        ],
        [
            6.590682506561279,
            12.245722770690918,
            13.557690620422363,
            "C",
            NaN,
            NaN,
            false
        ],
        [
            1.3942536115646362,
            1.304492473602295,
            6.7595648765563965,
            "H",
            NaN,
            NaN,
            false
        ],
        [
            6.597260475158691,
            11.918336868286133,
            12.520976066589355,
            "H",
            NaN,
            NaN,
            false
        ],
        [
            2.9960291385650635,
            10.780129432678223,
            6.432567119598389,
            "C",
            NaN,
            NaN,
            false
        ],
        [
            4.995485305786133,
            2.442699909210205,
            12.847973823547363,
            "C",
            NaN,
            NaN,
            false
        ],
        [
            5.700749397277832,
            8.992486000061035,
            8.354065895080566,
            "C",
            NaN,
            NaN,
            false
        ],
        [
            2.2907650470733643,
            4.230342864990234,
            10.926475524902344,
            "C",
            NaN,
            NaN,
            false
        ],
        [
            2.375967502593994,
            10.382281303405762,
            1.3259228467941284,
            "C",
            NaN,
            NaN,
            false
        ],
        [
            5.615546703338623,
            2.840547800064087,
            17.954618453979492,
            "C",
            NaN,
            NaN,
            false
        ],
        [
            6.191241264343262,
            11.446813583374023,
            1.5212346315383911,
            "H",
            NaN,
            NaN,
            false
        ],
        [
            1.800273060798645,
            1.7760151624679565,
            17.759305953979492,
            "H",
            NaN,
            NaN,
            false
        ],
        [
            3.10109281539917,
            9.89087963104248,
            3.696465253829956,
            "C",
            NaN,
            NaN,
            false
        ],
        [
            4.890421390533447,
            3.33194899559021,
            15.584075927734375,
            "C",
            NaN,
            NaN,
            false
        ],
        [
            2.804687738418579,
            9.39560604095459,
            6.092843532562256,
            "C",
            NaN,
            NaN,
            false
        ],
        [
            5.186826705932617,
            3.8272225856781006,
            13.187697410583496,
            "C",
            NaN,
            NaN,
            false
        ],
        [
            3.504284620285034,
            11.253216743469238,
            4.0475640296936035,
            "C",
            NaN,
            NaN,
            false
        ],
        [
            4.487229347229004,
            1.9696125984191895,
            15.232976913452148,
            "C",
            NaN,
            NaN,
            false
        ],
        [
            3.0337018966674805,
            8.940445899963379,
            4.726046085357666,
            "C",
            NaN,
            NaN,
            false
        ],
        [
            4.957812309265137,
            4.282382965087891,
            14.554494857788086,
            "C",
            NaN,
            NaN,
            false
        ],
        [
            3.757352352142334,
            4.863272666931152,
            3.6312971115112305,
            "C",
            NaN,
            NaN,
            false
        ],
        [
            4.234161853790283,
            8.359556198120117,
            15.64924430847168,
            "C",
            NaN,
            NaN,
            false
        ],
        [
            4.002910137176514,
            3.844926118850708,
            3.332448720932007,
            "H",
            NaN,
            NaN,
            false
        ],
        [
            3.9886040687561035,
            9.37790298461914,
            15.948092460632324,
            "H",
            NaN,
            NaN,
            false
        ],
        [
            3.194058418273926,
            7.534033298492432,
            4.387287139892578,
            "C",
            NaN,
            NaN,
            false
        ],
        [
