{
    "properties": {
        "lattice_vector_a": [
            6.0546,
            0.0,
            0.0
        ],
        "lattice_vector_b": [
            -0.3282572461306302,
            8.422906011013225,
            0.0
        ],
        "lattice_vector_c": [
            -0.2182902187132148,
            -2.798436682361936,
            10.24679715839175
        ]
    },
    "struct_id": "KIDJUD03",
    "input_ref": null,
    "geometry": [
        [
            0.41610825061798096,
            5.586695194244385,
            9.202033996582031,
            "C",
            NaN,
            NaN,
            false
        ],
        [
            5.091944217681885,
            0.03777407109737396,
            1.044763445854187,
            "C",
            NaN,
            NaN,
            false
        ],
        [
            0.030561473220586777,
            -1.6442186832427979,
            9.46394157409668,
            "C",
            NaN,
            NaN,
            false
        ],
        [
            5.4774909019470215,
            7.268688201904297,
            0.7828553318977356,
            "C",
            NaN,
            NaN,
            false
        ],
        [
            5.358006954193115,
            1.162359356880188,
            0.2482798993587494,
            "C",
            NaN,
            NaN,
            false
        ],
        [
            0.1500454694032669,
            4.4621100425720215,
            9.998517036437988,
            "C",
            NaN,
            NaN,
            false
        ],
        [
            4.853314399719238,
            2.1006553173065186,
            0.4808821976184845,
            "H",
            NaN,
            NaN,
            false
        ],
        [
            0.6547380685806274,
            3.5238142013549805,
            9.765914916992188,
            "H",
            NaN,
            NaN,
            false
        ],
        [
            1.401788353919983,
            5.458181858062744,
            8.098760604858398,
            "C",
            NaN,
            NaN,
            false
        ],
        [
            4.106264114379883,
            0.16628728806972504,
            2.148036003112793,
            "C",
            NaN,
            NaN,
            false
        ],
        [
            1.0883545875549316,
            5.834483623504639,
            6.778871059417725,
            "C",
            NaN,
            NaN,
            false
        ],
        [
            4.4196977615356445,
            -0.21001440286636353,
            3.467926025390625,
            "C",
            NaN,
            NaN,
            false
        ],
        [
            0.11719345301389694,
            6.275869369506836,
            6.557027816772461,
            "H",
            NaN,
            NaN,
            false
        ],
        [
            5.390859127044678,
            -0.6514001488685608,
            3.6897692680358887,
            "H",
            NaN,
            NaN,
            false
        ],
        [
            2.0035297870635986,
            5.6273932456970215,
            5.747735977172852,
            "C",
            NaN,
            NaN,
            false
        ],
        [
            3.5045228004455566,
            -0.0029240823350846767,
            4.499061107635498,
            "C",
            NaN,
            NaN,
            false
        ],
        [
            1.7464721202850342,
            5.9254679679870605,
            4.733405590057373,
            "H",
            NaN,
            NaN,
            false
        ],
        [
            3.761580467224121,
            -0.30099859833717346,
            5.513391494750977,
            "H",
            NaN,
            NaN,
            false
        ],
        [
            3.2541346549987793,
            5.059335231781006,
            6.009644031524658,
            "C",
            NaN,
            NaN,
            false
        ],
        [
            2.253917694091797,
            0.5651342868804932,
            4.237153053283691,
            "C",
            NaN,
            NaN,
            false
        ],
        [
            3.9676995277404785,
            4.915529727935791,
            5.198610305786133,
            "H",
            NaN,
            NaN,
            false
        ],
        [
            1.5403529405593872,
            0.7089394330978394,
            5.048187255859375,
            "H",
            NaN,
            NaN,
            false
        ],
        [
            3.5787811279296875,
            4.690546035766602,
            7.316213130950928,
            "C",
            NaN,
            NaN,
            false
        ],
        [
            1.9292713403701782,
            0.9339234828948975,
            2.930583953857422,
            "C",
            NaN,
            NaN,
            false
        ],
        [
            4.550240516662598,
            4.253684043884277,
            7.5421552658081055,
            "H",
            NaN,
            NaN,
            false
        ],
        [
            0.9578120112419128,
            1.3707852363586426,
            2.7046420574188232,
            "H",
            NaN,
            NaN,
            false
        ],
        [
            2.6599488258361816,
            4.886967658996582,
            8.347860336303711,
            "C",
            NaN,
            NaN,
            false
        ],
        [
            2.8481037616729736,
            0.7375016808509827,
            1.89893639087677,
            "C",
            NaN,
            NaN,
            false
        ],
        [
            2.928565502166748,
            4.60590934753418,
            9.36434268951416,
            "H",
            NaN,
            NaN,
            false
        ],
        [
            2.5794870853424072,
            1.0185600519180298,
            0.8824541568756104,
            "H",
            NaN,
            NaN,
            false
        ],
        [
            0.28761106729507446,
            -0.38254913687705994,
            8.716028213500977,
            "C",
            NaN,
            NaN,
            false
        ],
        [
            5.2204413414001465,
            6.007018566131592,
            1.5307689905166626,
            "C",
            NaN,
            NaN,
            false
        ],
        [
            1.5316901206970215,
            0.26365089416503906,
            8.803945541381836,
            "C",
            NaN,
            NaN,
            false
        ],
        [
            3.976362466812134,
            5.360818386077881,
            1.4428515434265137,
            "C",
            NaN,
            NaN,
            false
        ],
        [
            2.317814826965332,
            -0.1655552089214325,
            9.426233291625977,
            "H",
            NaN,
            NaN,
            false
        ],
        [
            3.1902377605438232,
            5.790024757385254,
            0.8205634951591492,
            "H",
            NaN,
            NaN,
            false
        ],
        [
            1.7693119049072266,
            1.4476507902145386,
            8.106958389282227,
            "C",
            NaN,
            NaN,
            false
        ],
        [
            3.7387406826019287,
            4.176818370819092,
            2.139838695526123,
            "C",
            NaN,
            NaN,
            false
        ],
        [
            2.7358205318450928,
            1.9423490762710571,
            8.1929292678833,
            "H",
            NaN,
            NaN,
            false
        ],
        [
            2.7722318172454834,
            3.6821203231811523,
            2.053868055343628,
            "H",
            NaN,
            NaN,
            false
        ],
        [
            0.7706656455993652,
            2.002023935317993,
            7.299920558929443,
            "C",
            NaN,
