{
    "properties": {
        "lattice_vector_a": [
            5.153,
            0.0,
            0.0
        ],
        "lattice_vector_b": [
            0.0,
            14.8011,
            0.0
        ],
        "lattice_vector_c": [
            -1.1904449059644935,
            0.0,
            11.646718666039083
        ]
    },
    "struct_id": "KUZXUA",
    "input_ref": null,
    "geometry": [
        [
            0.9444752335548401,
            7.396849632263184,
            7.780124664306641,
            "C",
            NaN,
            NaN,
            false
        ],
        [
            3.0180797576904297,
            14.797399520874023,
            3.866594076156616,
            "C",
            NaN,
            NaN,
            false
        ],
        [
            0.2804619073867798,
            6.417016983032227,
            8.617989540100098,
            "C",
            NaN,
            NaN,
            false
        ],
        [
            3.6820931434631348,
            13.817566871643066,
            3.028729200363159,
            "C",
            NaN,
            NaN,
            false
        ],
        [
            0.7288418412208557,
            6.100125312805176,
            9.927081108093262,
            "C",
            NaN,
            NaN,
            false
        ],
        [
            3.233713150024414,
            13.500675201416016,
            1.7196379899978638,
            "C",
            NaN,
            NaN,
            false
        ],
        [
            1.659624457359314,
            6.528469085693359,
            10.282538414001465,
            "H",
            NaN,
            NaN,
            false
        ],
        [
            2.3029305934906006,
            13.9290189743042,
            1.3641802072525024,
            "H",
            NaN,
            NaN,
            false
        ],
        [
            0.04574877396225929,
            5.221680164337158,
            10.744913101196289,
            "C",
            NaN,
            NaN,
            false
        ],
        [
            3.916806221008301,
            12.622230529785156,
            0.9018054008483887,
            "C",
            NaN,
            NaN,
            false
        ],
        [
            1.6054613590240479,
            5.017276763916016,
            0.10190878808498383,
            "H",
            NaN,
            NaN,
            false
        ],
        [
            2.3570938110351562,
            12.417826652526855,
            11.54481029510498,
            "H",
            NaN,
            NaN,
            false
        ],
        [
            4.026675224304199,
            4.602846145629883,
            10.280325889587402,
            "C",
            NaN,
            NaN,
            false
        ],
        [
            -0.06412001699209213,
            12.003396034240723,
            1.3663930892944336,
            "C",
            NaN,
            NaN,
            false
        ],
        [
            3.4546563625335693,
            3.9367966651916504,
            10.924971580505371,
            "H",
            NaN,
            NaN,
            false
        ],
        [
            0.50789874792099,
            11.337347030639648,
            0.7217471599578857,
            "H",
            NaN,
            NaN,
            false
        ],
        [
            3.629833221435547,
            4.798220634460449,
            8.97065258026123,
            "C",
            NaN,
            NaN,
            false
        ],
        [
            0.33272191882133484,
            12.198770523071289,
            2.6760666370391846,
            "C",
            NaN,
            NaN,
            false
        ],
        [
            2.7665364742279053,
            4.251172065734863,
            8.602266311645508,
            "H",
            NaN,
            NaN,
            false
        ],
        [
            1.1960186958312988,
            11.651721954345703,
            3.04445219039917,
            "H",
            NaN,
            NaN,
            false
        ],
        [
            -0.8164117336273193,
            5.662012577056885,
            8.100293159484863,
            "C",
            NaN,
            NaN,
            false
        ],
        [
            4.778966903686523,
            13.062562942504883,
            3.5464258193969727,
            "C",
            NaN,
            NaN,
            false
        ],
        [
            4.024136066436768,
            5.732021808624268,
            6.690457344055176,
            "C",
            NaN,
            NaN,
            false
        ],
        [
            -0.06158075109124184,
            13.132572174072266,
            4.956261157989502,
            "C",
            NaN,
            NaN,
            false
        ],
        [
            2.9701647758483887,
            4.970357418060303,
            6.121049404144287,
            "C",
            NaN,
            NaN,
            false
        ],
        [
            0.9923903942108154,
            12.3709077835083,
            5.525669097900391,
            "C",
            NaN,
            NaN,
            false
        ],
        [
            2.315349817276001,
            4.383197784423828,
            6.759522438049316,
            "H",
            NaN,
            NaN,
            false
        ],
        [
            1.6472053527832031,
            11.783747673034668,
            4.887196063995361,
            "H",
            NaN,
            NaN,
            false
        ],
        [
            2.7446727752685547,
            4.954668045043945,
            4.766885280609131,
            "C",
            NaN,
            NaN,
            false
        ],
        [
            1.2178822755813599,
            12.355217933654785,
            6.879833221435547,
            "C",
            NaN,
            NaN,
            false
        ],
        [
            1.9260379076004028,
            4.368100643157959,
            4.352262496948242,
            "H",
            NaN,
            NaN,
            false
        ],
        [
            2.0365171432495117,
            11.768651008605957,
            7.294456481933594,
            "H",
            NaN,
            NaN,
            false
        ],
        [
            3.5539379119873047,
            5.714260578155518,
            3.8893051147460938,
            "C",
            NaN,
            NaN,
            false
        ],
        [
            0.4086172878742218,
            13.114810943603516,
            7.757413387298584,
            "C",
            NaN,
            NaN,
            false
        ],
        [
            3.3220458030700684,
            5.7197370529174805,
            2.4863414764404297,
            "C",
            NaN,
            NaN,
            false
        ],
        [
            0.6405092477798462,
            13.12028694152832,
            9.160377502441406,
            "C",
            NaN,
            NaN,
            false
        ],
        [
            2.498857021331787,
            5.116000175476074,
            2.1016504764556885,
            "H",
            NaN,
            NaN,
            false
        ],
        [
            1.4636980295181274,
            12.516550064086914,
            9.545068740844727,
            "H",
            NaN,
            NaN,
            false
        ],
        [
            4.095029354095459,
            6.480513572692871,
            1.6481271982192993,
            "C",
            NaN,
            NaN,
            false
        ],
        [
            -0.13247418403625488,
            13.881063461303711,
            9.998591423034668,
            "C",
            NaN,
            NaN,
            false
        ],
        [
            3.912419080734253,
            6.486137866973877,
            0.5741832256317139,
            "H",
            NaN,
            NaN,
            false
        ],
        [
