{
    "properties": {
        "lattice_vector_a": [
            8.1256,
            0.0,
            0.0
        ],
        "lattice_vector_b": [
            0.0,
            5.8692,
            0.0
        ],
        "lattice_vector_c": [
            -4.820027388647443,
            0.0,
            7.185737452251405
        ]
    },
    "struct_id": "NAPHTA04",
    "input_ref": null,
    "geometry": [
        [
            -0.8852918148040771,
            0.11439070850610733,
            2.3711495399475098,
            "C",
            NaN,
            NaN,
            false
        ],
        [
            0.12806442379951477,
            3.0489907264709473,
            4.814587593078613,
            "C",
            NaN,
            NaN,
            false
        ],
        [
            4.190864562988281,
            5.754809379577637,
            4.814587593078613,
            "C",
            NaN,
            NaN,
            false
        ],
        [
            3.1775081157684326,
            2.820209264755249,
            2.3711495399475098,
            "C",
            NaN,
            NaN,
            false
        ],
        [
            -0.12052268534898758,
            0.9668332934379578,
            1.6013416051864624,
            "C",
            NaN,
            NaN,
            false
        ],
        [
            -0.636704683303833,
            3.901433229446411,
            5.584395885467529,
            "C",
            NaN,
            NaN,
            false
        ],
        [
            3.4260952472686768,
            4.902366638183594,
            5.584395885467529,
            "C",
            NaN,
            NaN,
            false
        ],
        [
            3.942277431488037,
            1.9677666425704956,
            1.6013416051864624,
            "C",
            NaN,
            NaN,
            false
        ],
        [
            -3.484952211380005,
            2.439532995223999,
            7.03886079788208,
            "H",
            NaN,
            NaN,
            false
        ],
        [
            2.72772479057312,
            5.374133110046387,
            0.1468764692544937,
            "H",
            NaN,
            NaN,
            false
        ],
        [
            6.790524959564209,
            3.4296669960021973,
            0.1468764692544937,
            "H",
            NaN,
            NaN,
            false
        ],
        [
            0.5778477787971497,
            0.4950670301914215,
            7.03886079788208,
            "H",
            NaN,
            NaN,
            false
        ],
        [
            0.2245166301727295,
            0.627124011516571,
            0.2667345702648163,
            "C",
            NaN,
            NaN,
            false
        ],
        [
            -0.9817439913749695,
            3.5617239475250244,
            6.919003009796143,
            "C",
            NaN,
            NaN,
            false
        ],
        [
            3.0810558795928955,
            5.2420759201049805,
            6.919003009796143,
            "C",
            NaN,
            NaN,
            false
        ],
        [
            4.287316799163818,
            2.307476043701172,
            0.2667345702648163,
            "C",
            NaN,
            NaN,
            false
        ],
        [
            0.2254803329706192,
            1.918993592262268,
            2.002161979675293,
            "H",
            NaN,
            NaN,
            false
        ],
        [
            -0.9827077388763428,
            4.853593826293945,
            5.183575630187988,
            "H",
            NaN,
            NaN,
            false
        ],
        [
            3.080092191696167,
            3.9502062797546387,
            5.183575630187988,
            "H",
            NaN,
            NaN,
            false
        ],
        [
            4.288280487060547,
            1.01560640335083,
            2.002161979675293,
            "H",
            NaN,
            NaN,
            false
        ],
        [
            -3.820032835006714,
            1.4867857694625854,
            6.631932735443115,
            "C",
            NaN,
            NaN,
            false
        ],
        [
            3.062805414199829,
            4.421385765075684,
            0.5538048148155212,
            "C",
            NaN,
            NaN,
            false
        ],
        [
            7.12560510635376,
            4.3824143409729,
            0.5538048148155212,
            "C",
            NaN,
            NaN,
            false
        ],
        [
            0.24276728928089142,
            1.4478142261505127,
            6.631932735443115,
            "C",
            NaN,
            NaN,
            false
        ],
        [
            -1.1460752487182617,
            0.3981665372848511,
            3.390446424484253,
            "H",
            NaN,
            NaN,
            false
        ],
        [
            0.38884782791137695,
            3.332766532897949,
            3.795290946960449,
            "H",
            NaN,
            NaN,
            false
        ],
        [
            4.451647758483887,
            5.471033573150635,
            3.795290946960449,
            "H",
            NaN,
            NaN,
            false
        ],
        [
            2.916724681854248,
            2.536433458328247,
            3.390446424484253,
            "H",
            NaN,
            NaN,
            false
        ],
        [
            6.794437408447266,
            4.746128559112549,
            1.8431416749954224,
            "C",
            NaN,
            NaN,
            false
        ],
        [
            0.5739353895187378,
            1.8115285634994507,
            5.34259557723999,
            "C",
            NaN,
            NaN,
            false
        ],
        [
            -3.4888646602630615,
            1.1230714321136475,
            5.34259557723999,
            "C",
            NaN,
            NaN,
            false
        ],
        [
            2.7316372394561768,
            4.057671546936035,
            1.8431416749954224,
            "C",
            NaN,
            NaN,
            false
        ],
        [
            6.185179710388184,
            4.077626705169678,
            2.4530670642852783,
            "H",
            NaN,
            NaN,
            false
        ],
        [
            1.1831928491592407,
            1.1430267095565796,
            4.732670307159424,
            "H",
            NaN,
            NaN,
            false
        ],
        [
            -2.8796072006225586,
            1.7915732860565186,
            4.732670307159424,
            "H",
            NaN,
            NaN,
            false
        ],
        [
            2.122379779815674,
            4.726173400878906,
            2.4530670642852783,
            "H",
            NaN,
            NaN,
            false
        ]
    ],
    "dbname": "CSD",
    "dft": {}
}