{
    "properties": {
        "lattice_vector_a": [
            7.6378,
            0.0,
            0.0
        ],
        "lattice_vector_b": [
            0.4428576123562099,
            6.033168114281099,
            0.0
        ],
        "lattice_vector_c": [
            -5.89408625930828,
            -2.6919890970855826,
            14.455658550166632
        ]
    },
    "struct_id": "PENCEN",
    "input_ref": null,
    "geometry": [
        [
            -1.4632694721221924,
            -0.9412299394607544,
            5.90990686416626,
            "C",
            NaN,
            NaN,
            false
        ],
        [
            3.649840831756592,
            4.282408714294434,
            8.545751571655273,
            "C",
            NaN,
            NaN,
            false
        ],
        [
            6.106766700744629,
            3.6002771854400635,
            4.060450077056885,
            "C",
            NaN,
            NaN,
            false
        ],
        [
            -3.9201951026916504,
            -0.25909820199012756,
            10.395208358764648,
            "C",
            NaN,
            NaN,
            false
        ],
        [
            -1.588523030281067,
            3.8834455013275146,
            5.399911403656006,
            "C",
            NaN,
            NaN,
            false
        ],
        [
            3.775094509124756,
            -0.5422665476799011,
            9.055747032165527,
            "C",
            NaN,
            NaN,
            false
        ],
        [
            -0.8559394478797913,
            -0.045095767825841904,
            5.0661301612854,
            "C",
            NaN,
            NaN,
            false
        ],
        [
            3.042510747909546,
            3.386274814605713,
            9.389528274536133,
            "C",
            NaN,
            NaN,
            false
        ],
        [
            -0.7655622363090515,
            -0.30300989747047424,
            3.6597390174865723,
            "C",
            NaN,
            NaN,
            false
        ],
        [
            2.9521336555480957,
            3.64418888092041,
            10.795919418334961,
            "C",
            NaN,
            NaN,
            false
        ],
        [
            -0.1374523788690567,
            0.577109158039093,
            2.779823064804077,
            "C",
            NaN,
            NaN,
            false
        ],
        [
            2.324023723602295,
            2.7640697956085205,
            11.675835609436035,
            "C",
            NaN,
            NaN,
            false
        ],
        [
            -0.05710471794009209,
            0.3099360764026642,
            1.3936700820922852,
            "C",
            NaN,
            NaN,
            false
        ],
        [
            2.24367618560791,
            3.031242847442627,
            13.061988830566406,
            "C",
            NaN,
            NaN,
            false
        ],
        [
            0.5699480175971985,
            1.1919424533843994,
            0.499732106924057,
            "C",
            NaN,
            NaN,
            false
        ],
        [
            1.6166234016418457,
            2.1492366790771484,
            13.955926895141602,
            "C",
            NaN,
            NaN,
            false
        ],
        [
            7.437331199645996,
            5.112086772918701,
            0.876012921333313,
            "C",
            NaN,
            NaN,
            false
        ],
        [
            -5.250759601593018,
            -1.7709076404571533,
            13.579646110534668,
            "C",
            NaN,
            NaN,
            false
        ],
        [
            6.809955596923828,
            4.2256693840026855,
            1.7790578603744507,
            "C",
            NaN,
            NaN,
            false
        ],
        [
            -4.62338399887085,
            -0.884490430355072,
            12.676600456237793,
            "C",
            NaN,
            NaN,
            false
        ],
        [
            -0.9009740352630615,
            4.499495029449463,
            3.1430938243865967,
            "C",
            NaN,
            NaN,
            false
        ],
        [
            3.087545394897461,
            -1.1583162546157837,
            11.312564849853516,
            "C",
            NaN,
            NaN,
            false
        ],
        [
            -1.5212444067001343,
            -0.7291012406349182,
            6.9780354499816895,
            "H",
            NaN,
            NaN,
            false
        ],
        [
            3.7078158855438232,
            4.070280075073242,
            7.477622985839844,
            "H",
            NaN,
            NaN,
            false
        ],
        [
            5.6732025146484375,
            2.680913209915161,
            3.670869827270508,
            "H",
            NaN,
            NaN,
            false
        ],
        [
            -3.486631155014038,
            0.6602658629417419,
            10.784789085388184,
            "H",
            NaN,
            NaN,
            false
        ],
        [
            -2.077655553817749,
            3.1840059757232666,
            6.079038143157959,
            "H",
            NaN,
            NaN,
            false
        ],
        [
            4.264226913452148,
            0.1571730524301529,
            8.376620292663574,
            "H",
            NaN,
            NaN,
            false
        ],
        [
            -0.42929917573928833,
            0.8831965923309326,
            5.447615146636963,
            "H",
            NaN,
            NaN,
            false
        ],
        [
            2.615870475769043,
            2.457982301712036,
            9.00804328918457,
            "H",
            NaN,
            NaN,
            false
        ],
        [
            0.30707740783691406,
            1.4945789575576782,
            3.165644645690918,
            "H",
            NaN,
            NaN,
            false
        ],
        [
            1.8794939517974854,
            1.8466001749038696,
            11.290014266967773,
            "H",
            NaN,
            NaN,
            false
        ],
        [
            1.0105677843093872,
            2.1121559143066406,
            0.8828070759773254,
            "H",
            NaN,
            NaN,
            false
        ],
        [
            1.1760035753250122,
            1.2290230989456177,
            13.572851181030273,
            "H",
            NaN,
            NaN,
            false
        ],
        [
            6.374481201171875,
            3.303532838821411,
            1.3949710130691528,
            "H",
            NaN,
            NaN,
            false
        ],
        [
            -4.187910079956055,
            0.03764621168375015,
            13.060687065124512,
            "H",
            NaN,
            NaN,
            false
        ],
        [
            2.1009256839752197,
            2.3566699028015137,
            5.796574592590332,
            "C",
            NaN,
            NaN,
            false
        ],
        [
            0.08564555644989014,
            0.9845091700553894,
            8.65908432006836,
            "C",
            NaN,
            NaN,
            false
        ],
        [
            2.1238582134246826,
            3.2395191192626953,
            4.749406814575195,
            "C",
            NaN,
            NaN,
            false
        ],
        [
            0.06271322816610336,
            0.10165996849536896,
            9.706252098083496,
            "C",
            NaN,
            NaN,
            false
        ],
        [
            2.7162716388702393,
            2.8744688034057617,
            3.4994258880615234,
            "C",
