{
    "properties": {
        "lattice_vector_a": [
            8.11,
            0.0,
            0.0
        ],
        "lattice_vector_b": [
            0.0,
            5.61,
            0.0
        ],
        "lattice_vector_c": [
            -1.8099182825465665,
            0.0,
            17.818313495123597
        ]
    },
    "struct_id": "QUPHEN",
    "input_ref": null,
    "geometry": [
        [
            7.87280797958374,
            5.608597278594971,
            0.7127325534820557,
            "C",
            NaN,
            NaN,
            false
        ],
        [
            -1.5727263689041138,
            0.0014024999691173434,
            17.105581283569336,
            "C",
            NaN,
            NaN,
            false
        ],
        [
            2.482273578643799,
            2.8035974502563477,
            17.105581283569336,
            "C",
            NaN,
            NaN,
            false
        ],
        [
            3.817808151245117,
            2.8064024448394775,
            0.7127325534820557,
            "C",
            NaN,
            NaN,
            false
        ],
        [
            5.748545169830322,
            5.569720268249512,
            7.580801486968994,
            "C",
            NaN,
            NaN,
            false
        ],
        [
            0.5515367388725281,
            0.040279798209667206,
            10.23751163482666,
            "C",
            NaN,
            NaN,
            false
        ],
        [
            4.606536865234375,
            2.7647202014923096,
            10.23751163482666,
            "C",
            NaN,
            NaN,
            false
        ],
        [
            1.6935449838638306,
            2.8452796936035156,
            7.580801486968994,
            "C",
            NaN,
            NaN,
            false
        ],
        [
            5.302717685699463,
            4.587409019470215,
            6.689173221588135,
            "C",
            NaN,
            NaN,
            false
        ],
        [
            0.9973638653755188,
            1.0225907564163208,
            11.129140853881836,
            "C",
            NaN,
            NaN,
            false
        ],
        [
            5.052363872528076,
            1.7824091911315918,
            11.129140853881836,
            "C",
            NaN,
            NaN,
            false
        ],
        [
            1.2477178573608398,
            3.8275907039642334,
            6.689173221588135,
            "C",
            NaN,
            NaN,
            false
        ],
        [
            5.737865447998047,
            4.6019392013549805,
            5.35137414932251,
            "C",
            NaN,
            NaN,
            false
        ],
        [
            0.5622161626815796,
            1.0080609321594238,
            12.466938972473145,
            "C",
            NaN,
            NaN,
            false
        ],
        [
            4.617216110229492,
            1.7969391345977783,
            12.466938972473145,
            "C",
            NaN,
            NaN,
            false
        ],
        [
            1.6828655004501343,
            3.813060998916626,
            5.35137414932251,
            "C",
            NaN,
            NaN,
            false
        ],
        [
            0.1708693653345108,
            1.0097439289093018,
            1.6048954725265503,
            "C",
            NaN,
            NaN,
            false
        ],
        [
            6.129212379455566,
            4.600255966186523,
            16.213417053222656,
            "C",
            NaN,
            NaN,
            false
        ],
        [
            2.0742123126983643,
            3.814743995666504,
            16.213417053222656,
            "C",
            NaN,
            NaN,
            false
        ],
        [
            4.225869178771973,
            1.7952561378479004,
            1.6048954725265503,
            "C",
            NaN,
            NaN,
            false
        ],
        [
            -0.2535369098186493,
            1.0165880918502808,
            2.942337989807129,
            "C",
            NaN,
            NaN,
            false
        ],
        [
            6.553618431091309,
            4.593411922454834,
            14.875975608825684,
            "C",
            NaN,
            NaN,
            false
        ],
        [
            2.4986186027526855,
            3.8215880393981934,
            14.875975608825684,
            "C",
            NaN,
            NaN,
            false
        ],
        [
            3.8014631271362305,
            1.7884118556976318,
            2.942337989807129,
            "C",
            NaN,
            NaN,
            false
        ],
        [
            7.024916172027588,
            0.014137200079858303,
            3.446418285369873,
            "C",
            NaN,
            NaN,
            false
        ],
        [
            -0.7248345613479614,
            5.595862865447998,
            14.371894836425781,
            "C",
            NaN,
            NaN,
            false
        ],
        [
            3.330165386199951,
            2.8191370964050293,
            14.371894836425781,
            "C",
            NaN,
            NaN,
            false
        ],
        [
            2.969916343688965,
            2.790862798690796,
            3.446418285369873,
            "C",
            NaN,
            NaN,
            false
        ],
        [
            6.631535053253174,
            4.597506999969482,
            2.57260799407959,
            "C",
            NaN,
            NaN,
            false
        ],
        [
            -0.33145347237586975,
            1.0124927759170532,
            15.245705604553223,
            "C",
            NaN,
            NaN,
            false
        ],
        [
            3.7235465049743652,
            1.7925071716308594,
            15.245705604553223,
            "C",
            NaN,
            NaN,
            false
        ],
        [
            2.576535224914551,
            3.817492723464966,
            2.57260799407959,
            "C",
            NaN,
            NaN,
            false
        ],
        [
            7.051736354827881,
            4.597451210021973,
            1.2278599739074707,
            "C",
            NaN,
            NaN,
            false
        ],
        [
            -0.7516546845436096,
            1.0125489234924316,
            16.5904541015625,
            "C",
            NaN,
            NaN,
            false
        ],
        [
            3.303345203399658,
            1.7924511432647705,
            16.5904541015625,
            "C",
            NaN,
            NaN,
            false
        ],
        [
            2.996736526489258,
            3.817548990249634,
            1.2278599739074707,
            "C",
            NaN,
            NaN,
            false
        ],
        [
            6.577740669250488,
            0.0015147000085562468,
            4.863508701324463,
            "C",
            NaN,
            NaN,
            false
        ],
        [
            -0.2776588797569275,
            5.608485221862793,
            12.954804420471191,
            "C",
            NaN,
            NaN,
            false
        ],
        [
            3.77734112739563,
            2.8065147399902344,
            12.954804420471191,
            "C",
            NaN,
            NaN,
            false
        ],
        [
            2.522740602493286,
            2.80348539352417,
            4.863508701324463,
            "C",
            NaN,
            NaN,
            false
        ],
        [
            6.995693206787109,
            1.002506971359253,
            5.762086391448975,
            "C",
            NaN,
            NaN,
            false
        ],
        [
