{
    "properties": {
        "lattice_vector_a": [
            8.9328,
            0.0,
            0.0
        ],
        "lattice_vector_b": [
            4.849478750469785,
            10.301186495192775,
            0.0
        ],
        "lattice_vector_c": [
            -3.6943292015453655,
            -3.65080855991186,
            10.317754615200124
        ]
    },
    "struct_id": "XECJIZ",
    "input_ref": null,
    "geometry": [
        [
            8.580254554748535,
            2.0312044620513916,
            4.0434250831604,
            "C",
            NaN,
            NaN,
            false
        ],
        [
            1.5076946020126343,
            4.619173526763916,
            6.274329662322998,
            "C",
            NaN,
            NaN,
            false
        ],
        [
            7.975388526916504,
            1.5357439517974854,
            5.168266296386719,
            "C",
            NaN,
            NaN,
            false
        ],
        [
            2.1125612258911133,
            5.114634037017822,
            5.1494879722595215,
            "C",
            NaN,
            NaN,
            false
        ],
        [
            -0.953309178352356,
            0.1364421546459198,
            5.425591468811035,
            "C",
            NaN,
            NaN,
            false
        ],
        [
            11.041258811950684,
            6.513935565948486,
            4.892163276672363,
            "C",
            NaN,
            NaN,
            false
        ],
        [
            -0.2914787530899048,
            -0.7205035090446472,
            4.586241722106934,
            "C",
            NaN,
            NaN,
            false
        ],
        [
            10.379427909851074,
            7.3708815574646,
            5.731512546539307,
            "C",
            NaN,
            NaN,
            false
        ],
        [
            0.38258737325668335,
            -0.2475503832101822,
            3.4132163524627686,
            "C",
            NaN,
            NaN,
            false
        ],
        [
            9.705362319946289,
            6.897928237915039,
            6.904538154602051,
            "C",
            NaN,
            NaN,
            false
        ],
        [
            5.97296667098999,
            9.193604469299316,
            2.5834624767303467,
            "C",
            NaN,
            NaN,
            false
        ],
        [
            4.114982604980469,
            -2.5432262420654297,
            7.734292030334473,
            "C",
            NaN,
            NaN,
            false
        ],
        [
            6.548608303070068,
            9.690691947937012,
            1.3861902952194214,
            "C",
            NaN,
            NaN,
            false
        ],
        [
            3.539341449737549,
            -3.040313720703125,
            8.931564331054688,
            "C",
            NaN,
            NaN,
            false
        ],
        [
            7.276623249053955,
            8.853372573852539,
            0.5181576609611511,
            "C",
            NaN,
            NaN,
            false
        ],
        [
            2.811326503753662,
            -2.2029943466186523,
            9.799596786499023,
            "C",
            NaN,
            NaN,
            false
        ],
        [
            4.0941290855407715,
            5.649476051330566,
            9.6194486618042,
            "C",
            NaN,
            NaN,
            false
        ],
        [
            5.993820667266846,
            1.0009020566940308,
            0.698305606842041,
            "C",
            NaN,
            NaN,
            false
        ],
        [
            4.801661491394043,
            4.784761428833008,
            8.726654052734375,
            "C",
            NaN,
            NaN,
            false
        ],
        [
            5.286287784576416,
            1.8656165599822998,
            1.5911009311676025,
            "C",
            NaN,
            NaN,
            false
        ],
        [
            5.249550819396973,
            5.240042209625244,
            7.513904571533203,
            "C",
            NaN,
            NaN,
            false
        ],
        [
            4.8383989334106445,
            1.4103355407714844,
            2.803849935531616,
            "C",
            NaN,
            NaN,
            false
        ],
        [
            5.024397850036621,
            6.592120170593262,
            7.121623992919922,
            "C",
            NaN,
            NaN,
            false
        ],
        [
            5.063551425933838,
            0.05825800076127052,
            3.1961307525634766,
            "C",
            NaN,
            NaN,
            false
        ],
        [
            4.358299732208252,
            7.455956935882568,
            7.951687335968018,
            "C",
            NaN,
            NaN,
            false
        ],
        [
            5.729650020599365,
            -0.8055787682533264,
            2.366067409515381,
            "C",
            NaN,
            NaN,
            false
        ],
        [
            3.870262384414673,
            7.023772716522217,
            9.223763465881348,
            "C",
            NaN,
            NaN,
            false
        ],
        [
            6.217687129974365,
            -0.3733946681022644,
            1.0939915180206299,
            "C",
            NaN,
            NaN,
            false
        ],
        [
            -1.6631550788879395,
            -2.4298155307769775,
            10.094478607177734,
            "C",
            NaN,
            NaN,
            false
        ],
        [
            11.751104354858398,
            9.080193519592285,
            0.22327621281147003,
            "C",
            NaN,
            NaN,
            false
        ],
        [
            1.526384711265564,
            0.7857491374015808,
            1.019600510597229,
            "C",
            NaN,
            NaN,
            false
        ],
        [
            8.561564445495605,
            5.864628791809082,
            9.2981538772583,
            "C",
            NaN,
            NaN,
            false
        ],
        [
            0.8546003699302673,
            1.6676483154296875,
            1.908371925354004,
            "C",
            NaN,
            NaN,
            false
        ],
        [
            9.233348846435547,
            4.982729434967041,
            8.409382820129395,
            "C",
            NaN,
            NaN,
            false
        ],
        [
            0.29224976897239685,
            1.168427586555481,
            3.0976994037628174,
            "C",
            NaN,
            NaN,
            false
        ],
        [
            9.795700073242188,
            5.481950283050537,
            7.220055103302002,
            "C",
            NaN,
            NaN,
            false
        ],
        [
            9.707432746887207,
            3.1249749660491943,
            1.610498309135437,
            "C",
            NaN,
            NaN,
            false
        ],
        [
            0.38051652908325195,
            3.5254030227661133,
            8.707256317138672,
            "C",
            NaN,
            NaN,
            false
        ],
        [
            1.9302996397018433,
            3.9174532890319824,
            1.6753970384597778,
            "C",
            NaN,
            NaN,
            false
        ],
        [
            8.157649993896484,
            2.732924699783325,
            8.64235782623291,
            "C",
            NaN,
            NaN,
            false
        ],
        [
            10.794754028320312,
            5.294406890869141,
            1.4765738248825073,
            "C",
            NaN,
            NaN,
            false
